Name of the workshop,Place,City/District,State,Region,Name of the Workshop Owner,Contact Number,Address,Pincode
CHOTU AUTO WORKS,Haldwani Road Opp Guru dwara,BAZPUR,Uttarakhand,North,Mr. Chotu,9927112631,"Near Gurudwara, Bazpur Uttarakhand",263401
D.K Automobiles,Haldwani,Nainital,Uttarakhand,North,Daya Krishan Sharma,9837944094,"Peeli kothi, Haldwani, Uttarakhand",263139
sukhdev tractor,Village - Ledi,Yamuna Nagar,Haryana,North,Sukhdev Saini,9813923613,"Village - Ledi, Yamuna Nagar, Chhachrauli",135103
MOGA AUTO GARAGE,Batala Road,Gurdaspur,Punjab,North,SUKHWINDER SINGH,9357931968,"Batala Road, Gurdaspur",143521
Chotu Auto Centre,Gharanda,Karnal,Haryana,North,Mr.Sohan Lal,9876767395,"Gharunda, Karnal",132114
Arjun motors,Tikona Park,Faridabad,Haryana,North,MR.Arjun,9891268055,"Tikona Park, N.I.T. Faridabad",121001
Raju Auto Centre,Indri,Karnal,Haryana,North,Ajeet Kumar,9416871384,"Indri, Karnal",132041
Chaudhary Auto Center,Nigdu,Karnal,Haryana,North,Jagdish Chand,9813061394,"Nigdhu, Karnal",132157
Dalip Auto,Kurukshetra,Karnal,Haryana,North,Dilip,9896057973,"Kurukshetra, Karnal",136118
A Kumar Honda Service Center,Plot No.4 Balaji Nagar Colony Samne ghat Lanka,Varanasi,Uttar Pradesh -Eastern,North,Mr.Ashok Kumar,9795036033,"Mandudin Shirdaspur, Varanasi",221108
Aditya Service center,Shastri Nagar Kalli Road,Chandauli,Uttar Pradesh -Eastern,North,Mr.Girdhari Prajapati,9889451630,"Shastri Nagar, Kalli Road, Chandauli",232104
Rajendra Hero Honda,Plot No.4 Balaji Nagar Colony Samne ghat Lanka,Varanasi,Uttar Pradesh -Eastern,North,Mr.Rajendra Prasad,9889603075,"Nariyabal, Bareilly",243123
Akash Auto Repairing Center,ward no.11 Sanjay Nagar,Chandauli,Uttar Pradesh -Eastern,North,Mr.Jamaluddin,9453642026,"ward no.11 Sanjay Nagar, Chandauli",232101
Mohsin Auto Service,"Bijnor Road,",Chandpur,Uttar Pradesh - Western,North,Md.Mohsin,9837864017,"Bijnor Road, Chandpur",246725
Aslam Honda Service,"Bijnor Road,",Chandpur,Uttar Pradesh - Western,North,Md.Aslam,9837540471,"Bijnor Road, Chandpur",246725
Jazira Motor Works,"Bijnor Road,",Chandpur,Uttar Pradesh - Western,North,ISAR AHMAD,9758101263,"Bijnor Road, Chandpur",246725
Nisar Motor Works,Dhanaura Road,Chandpur,Uttar Pradesh - Western,North,Nisar Ahmad,9837976144,"Dhanaura Road, Chandpur",246725
Chaman Motor Works,Dhanaura Road,Chandpur,Uttar Pradesh - Western,North,Chaman Singh,9837527966,"Dhanaura Road, Chandpur",246725
Sai Auto Service,Bijnor Road,Chandpur,Uttar Pradesh - Western,North,chatterpal Singh,9927287213,"Bijnor Road, Chandpur",246725
Arif Auto Mobiles,"Haridwar Road,",Najibabad,Uttar Pradesh - Western,North,Md.Arif,9897605173,"Haridwar Road, Najibabad",246763
Tahir Auto Service,Kotdwar Road,Najibabad,Uttar Pradesh - Western,North,Md.Tahir,9917162839,"Kotdwar Road, Najibabad",246763
New Delhi Workshop,Noorpur Road,Nehtour,Uttar Pradesh - Western,North,Md.New,9837535391,"Noorpur Road, Nehtour",246733
Margoob Motors Works,Moradabad Road,Sambhal,Uttar Pradesh - Western,North,Md.Margoob,9917451292,"Moradabad Road, Sambhal",244302
Guddu Auto Service,Bazpur Road,Suar,Uttar Pradesh - Western,North,Md.Guddu,9719996858,Bazpur Road Suar,244924
Sitara Auto Service,Bazpur Road,Suar,Uttar Pradesh - Western,North,Md.Sitara,9639465756,"Bazpur Road, Suar",244924
Vishwkarma Agro Works,Sunderchak,Sunderchak,Punjab,North,Kulwant Raaj,9876338845,"Sunderchak, Gurdaspur",145025
Kulwant Autos,GT Road,Gurdaspur,Punjab,North,Kulwant Raaj,7986288403,"G.T Road, Gurdaspur",143521
Randhawa Auto,GT Road,Gurdaspur,Punjab,North,sukhjinder Singh,9915373639,"G.T Road, Gurdaspur",143521
Friendship Motors,"Near Hind Cinema, Jawahar Market",Bareilly,Uttar Pradesh - Western,North,Mr.Suhiel Ahmed,9412604660,"Near Hind Cinema, Jawahar Market, Bareilly",243001
Bharat Motor,"Nisha ColonyPilibhit By-Pass, near Tiranga Hotal",Bareilly,Uttar Pradesh - Western,North,Mr.Shakeel,8859290786,"Nisha Colony, Near Tiranga Hotel, Pilibhit By-Pass, Bareilly",243001
Pushkar Motor,"Near Hind Cinema, Jawahar Market",Bareilly,Uttar Pradesh - Western,North,Mr.Puskar,8171054622,"Near Hind Cinema, Jawahar Market, Bareilly",243001
Warsi Tractor Woorkshop,"Chaupla Road, near Hanuman Mandir",Bareilly,Uttar Pradesh - Western,North,Mr.Ishak,9927652073,"Chaupla Road, Near Hanuman Mandir, Bareilly",243001
Hindustan Motors,"Pilibhit By-Pass, near Tiranga Hotal",Bareilly,Uttar Pradesh - Western,North,Mr.Rauf,9917354614,"Pilibhit By-Pass, Near Tiranga Hotel, Bareilly",243001
Atif Automatic Workshop,"Ratha Road, 6th meel",lucknow,Uttar Pradesh - Central,North,Mr. Irfan,8127821198,"Raitha Road, 6th meel, Lucknow",226201
Sarafat Auto Repairs,"Nigohi Road, Near SDM Awas",Powayan,Uttar Pradesh - Central,North,Mr. Sarafat,9453449805,"Nigohi Road, Near SDM Awas, Powayan",242401
Vip Motors,"Damodar Nagar, Alam Bagh",Lucknow,Uttar Pradesh - Central,North,Mr. Azmat Ali,7897000051,"554-GA/100/4, Damodar Nagar, Alambagh, Lucknow",226005
Arkan Motor Works,Delhi Road Joya,Joya,Uttar Pradesh - Western,North,Mr. Mohd Arkan,9837583845,"Delhi Road, Joya",244222
Meerut Auto Service,Azmal Khan Road,Najibabad,Uttar Pradesh - Western,North,Mr. Moolchand Saini,9837681630,"Azmal Khan, Najibabad",246763
Marshal Car Reparining,Kotdwar Road,Najibabad,Uttar Pradesh - Western,North,Mr. Imran Ahmad,9837035966,"Kotdwar Road, Najibabad",246763
Javed Motors Works,Noorpur Road,Nehtour,Uttar Pradesh - Western,North,Mr. Javed Ahmad,9758397792,"Noorpur Road, Nehtour",246733
Irfan Motors Works,Najibabad Road,Bijnor,Uttar Pradesh - Western,North,Mr. Irfan Ahmad,9837571885,"Najibabad Road, Bijnor",246701
Ghanshyam Auto Service,Kotwali Road,Nagina,Uttar Pradesh - Western,North,Mr. Ghanshyam Singh,9412263497,"Kotwali Road, Nagina",246762
Kissan Tractors Workshop,Station Road,Dhanoura,Uttar Pradesh - Western,North,Mr. Mohd Usman,9359978008,"Station Road, Dhanoura",203203
Faheem Auto Service,Kashipur Road,Dhariyal,Uttar Pradesh - Western,North,Mr. Faheem Ahmad,9837309554,"Kashipur Road, Dariyal",244925
Haneef Tractor works,Kashipur Road,Thakurdwara,Uttar Pradesh - Western,North,Mr. Mohammad Haneef,9837435210,"Kashipur Road, Thakurdwara",244601
Nabi Tractor works,Seohara Road,Thakurdwara,Uttar Pradesh - Western,North,Mr. Ahmad Nabi,9761946735,"Seohara Road, Thakurdwara",244601
Mobeen Tractor Works,Seohara Road,Thakurdwara,Uttar Pradesh - Western,North,Mr. Mobeen Ahmad,9639316616,"Seohara Road, Thakurdwara",244601
India Motor Works,Ramganga Vihar,Moradabad,Uttar Pradesh - Western,North,Mr. Nazakat Husain,9690964998,"Ramganga Vihar, Moradabad",244001
Moin Bulle Specialist,Maal Khana Road,Shahjahanpur,Uttar Pradesh - Central,North,Mr.Moin,9839488109,"Nagar Palika, Maalkhana Road, Shahjahanpur",242001
Javed Auto Service,Shahjahanpur Road Neoghi,Shahjahanpur,Uttar Pradesh - Central,North,Mr.Javed,9235575330,Shahjahanpur Road Nigohi,242407
Avadesh Auto Parts,Ajanta Laj Banda,Banda,Uttar Pradesh -Eastern,North,Mr. Avadesh Kumar Namdev,9415183703,"Diggi Churaha, Near Ajanta Laj, Banda",210001
Hindustan Tractor Works,Radour,Yamuna Nagar,Haryana,North,Mr. Rishipal,9813176245,"Radaur, Yamuna Nagar",135133
Sharma Tractor Workshop,Sherpur Mor,Yamuna Nagar,Haryana,North,Vinod Kumar Sharma,9466212482,"Sherpur Mor, Yamuna Nagar,Chhachhrauli",133206
Shiv Shankar Automobile,Sadhoura,Yamuna Nagar,Haryana,North,Mr. Suresh,9355703608,"Sadhoura, Yamuna Nagar",133204
Preet Motor,Ambala City,Ambala,Haryana,North,Mr. Narinder Pal Singh,9996389540,"Sector-9, Model Town, Ambala City",134003
Maa Maihar Hero Honda Work Shop,Near Jalalpur Chungi Varanasi Road,Jaunpur,Uttar Pradesh -Eastern,North,Mr Ananad,9451715459,Near Jalalpur Chungi Varanasi Road,222136
Ram Auto Repair,Khalwara Gate,Phagwara,Punjab,North,Mr Sarbjit Singh,9888029066,"Khalwara gate, Banga Road, Phagwara",144401
Amar Auto,Tarawari,Karnal,Haryana,North,Mr Amar,9996019084,"Taraori, Karnal",132116
Chandra Mohan Service Center,Gurudwara Road Surrender nagar,Aligarh,Uttar Pradesh - Western,North,Mr. Chandra Mohan,9258934811,"Gurudwara Road, Surrender nagar, Aligarh",202001
Krishna automobiles,ramghat road,Aligarh,Uttar Pradesh - Western,North,Mr. kuldeep Sharma,9627000750,"Ramghat road, Aligarh",202001
Khaniya service center,jalal pur khair road,Aligarh,Uttar Pradesh - Western,North,Mr. khaniya lal,9011553401,"Jalal Pur Khair road, Aligarh",202001
Dashmesh Tractor Works,Matkheda Road,Bilaspur,Uttar Pradesh - Western,North,Darshan Singh,9758051038,"Matkheda Road, Bilaspur",244921
M S Auto Car Service,Aadampur Road,Sambhal,Uttar Pradesh - Western,North,Mohd. Aasif,9837549783,"Aadampur Road, Sambhal",244302
Hindustan Motors,Aligarh Road,Behjoi,Uttar Pradesh - Western,North,Mohd. Chaman,8006034786,"Aligarh Road , Behjoi",244410
Delhi Auto Service,Aligarh Road,Behjoi,Uttar Pradesh - Western,North,Mohd. Ahsan,9412440637,"Aligarh Road , Behjoi",244410
Anwar Auto World,Bus Stand,Sambhal,Uttar Pradesh - Western,North,Mohd. Tariq,9837183226,"Near BUS Stand, Sambhal",244302
Saqlaini Auto Service,Kashipur Road,Aliganj,Uttar Pradesh - Western,North,Mohd. Zakir,9759838230,"Kashipur Road, Aliganj",226024
Saqlaini Auto Service,Bazpur Road,Narpat Nagar,Uttar Pradesh - Western,North,Rehman Ali,8449922786,"Bazpur Road, Narpat Nagar",208027
Gurmel Tractor Works,Matkheda Road,Bilaspur,Uttar Pradesh - Western,North,Gurmel Singh,9719318262,"Matkheda Road, Bilaspur",244921
Muzaffar Motor Works,Moradabad Road,Sambhal,Uttar Pradesh - Western,North,Mohd. Muzaffar Ali,9837250911,"Moradabad Road, Sambhal",244302
Shri Ram Tractor Workshop,Narnaul,Narnaul,Haryana,North,Shri Ram,9416963755,"Singhana Road, Narnaul",123001
Ashok Bike Care,Palwal,Faridabad,Haryana,North,Ashok Kumar,9017365325,"Tractor Market, Near Saini Dharamshala, Palwal",121102
Sunil Tractor Workshop,Palwal,Faridabad,Haryana,North,Sunil Kumar,9253953626,"Tractor Market, Rasool Pur Road, Palwal",121102
Fauji Tractor Workshop,Palwal,Faridabad,Haryana,North,Tejpal,9812960930,"Tractor Market, Rasool Pur Road, Palwal",121102
Mamraj Auto Center,Palwal,Faridabad,Haryana,North,Mamraj,9255953358,"Palwal, Faridabad",121102
Chandigarh Motor Workshop & Service Station,Lamlehri,Roopnagar,Punjab,North,Amrik Singh,9876567692,"Shri Naina Devi Road, Lamlehri, Roopnagar",152128
Pamma Motor Garage,Talwan Sahib Road,Jalandhar,Punjab,North,Paramjeet Sharma,9914819738,"Talhan Road, Vill Dhilwan, Near Railway Crossing, Jalandhar",144005
Inder Bullet,New Suraj Ganj West,Jalandhar,Punjab,North,Inderjit Singh,9888016690,"New Suraj Ganj West, Jalandhar",144003
Tinku Car Care,Faridpur,Bareilly,Uttar Pradesh - Western,North,Tinku,9259077507,"Near Satsanj Bhawan, Faridpur, Bareilly",243503
Sudesh Auto,Faridpur,Bareilly,Uttar Pradesh - Western,North,Sudesh,8445124361,"Faridpur, Bareilly",243503
Jahangiri Auto Service,Faridpur,Bareilly,Uttar Pradesh - Western,North,Whaid,9758766795,"Dhampur Chauraha, Faridpur, Bareilly",246761
Natraj Motor,Faridpur,Bareilly,Uttar Pradesh - Western,North,Shalesh Singh Rathore,9457831786,"Near Satsanj Bhawan, Faridpur, Bareilly",243503
Bhuri Auto Service,Faridpur,Bareilly,Uttar Pradesh - Western,North,Khan,9634376260,"Faridpur, Bareilly",243503
Sachin Auto,Faridpur,Bareilly,Uttar Pradesh - Western,North,Mr. Sachin,9548568655,"Faridpur, Bareilly",243503
Nazim Tractor Service,Faridpur,Bareilly,Uttar Pradesh - Western,North,Mr. Nazim,9258555780,"Faridpur, Bareilly",243503
Warsi Tractor Service,Nariyabal,Bareilly,Uttar Pradesh - Western,North,Mr. Ayub,9837745744,"Nariyabal, Bareilly",243123
Asian Automobiles,Meerut Road,Karnal,Haryana,North,Mr. Mahinder Saini,9896055281,"Shop no.33, Karan Market, Near Bus Stand, Karnal",132001
Friends Automobiles,Meerut Road,Karnal,Haryana,North,Mr. Ranjeet Singh,9813778413,"Namaste Chowk, Jatan Mohalla",132001
Wasi Tractor Workshop,Raipur Road,Najibabad,Uttar Pradesh - Western,North,Mohd. Wasi,9012449318,"Raipur Road, Najibabad",246763
Bablu Auto Service,Chandpur Road,Dhanoura,Uttar Pradesh - Western,North,Bablu,7906732944,"Chandpur Road, Dhanoura",203203
Jameel Auto World,Moradabad Road,Noorpur,Uttar Pradesh - Western,North,Jameel Ahmad,9758122134,"Moradabad Road, Noorpur",244001
Aarif Motor Works,Delhi Road,Hasanpur,Uttar Pradesh - Western,North,Mohd. Aarif,9990605565,"Delhi Road, Hasanpur",244241
Shakeel Maruti Service Center,Dhampur Road,Seohara,Uttar Pradesh - Western,North,Shakeel Ahmad,9756967810,"Dhampur Road, Seohara",246746
Mujahid Motors Works,Delhi Road,Hasanpur,Uttar Pradesh - Western,North,Mujahid Ali,9756999929,"Delhi Road, Hasanpur",244241
Zaki Tractor Works,Kotdwar Road,Najibabad,Uttar Pradesh - Western,North,Mohd. Zaki,9927234664,"Kotdwar Road, Najibabad",246763
Tulsi Auto Workshop,Palwal,Faridabad,Haryana,North,Tulsi,9050148824,"Old G.T. Road, Opp. Lala Lajpat Rai Park, Palwal",121102
Saini Motor Workshop,Mittal Mega Mall Sec 25,Panipat,Haryana,North,Krishan Saini,9416223191,"Mittal Mega Mall, Sec 25, Panipat",132103
Jai Sri Ram Auto Service Centre,Sakhaiyyapura,Bahraich,Uttar Pradesh - Central,North,Grijesh Kumar,8004348687,"Moh. Sakhaiyyapura, Near Sale Tax Office, Behraich",271801
Jai Maa Santoshi Auto Parts,Jamui,Varanasi,Uttar Pradesh -Eastern,North,Santosh Kumar Maurya,9795243342,"Jamui, Varanasi",221001
M D Auto Spare and Repairing Center,Highway,CHANDAULI,Uttar Pradesh -Eastern,North,Dheeraj,9198987513,"Highway, Chandauli",232104
New Yadav Auto Gairej,"Near Augasi road, Baberu",Banda,Uttar Pradesh -Eastern,North,Mr. Babu Bhai,9838371052,"Near Augasi road, Baberu",210121
Kamal Auto parts,"Near Augasi road, Baberu",Banda,Uttar Pradesh -Eastern,North,Mr. Dinesh,8090846416,"Near Augasi road, Baberu",210121
Manoj Auto Parts,Near Bedipiliya Chauraha Karvi - Chitrakoot,Banda,Uttar Pradesh -Eastern,North,Mr. Manoj Kumar,9125716325,Near Bedipuliya Chauraha Karvi - Chitrakoot,485334
Salman auto gairej,"Near SBI Banda Road, Baberu",Banda,Uttar Pradesh -Eastern,North,Mr. Salman,9839025487,"Near SBI ATM, Banda Road, Baberu",210121
Satyam Bike service Canter,Sundar Kuva Churaha Augari road Baberu,Banda,Uttar Pradesh -Eastern,North,Mr. Rajesh Kumar,9918587132,Sundar Kuva Churaha Augari road Baberu,210121
Bharat Scooter House & Workshop,Hisar,Hisar,Haryana,North,Mr. Sanjay,9896110533,"413, Auto Market, Hisar",125001
Vishwakarma Maruti Service Station,"Patiala Road, Near Shadiram Filling Staton",Narwana,Haryana,North,Mr. Ramesh Kumar,9466629686,"Patiala Road, Near Shadiram Filling Station, Narwana",126116
Lalloo Tractor Workshop,Nangla,Faridabad,Haryana,North,Lalloo,9210711560,"Sohna- Ballabhgarh Road, Nangla",121004
Haryana Tractor Workshop,Ballabhgarh,Faridabad,Haryana,North,Nizam Khan,9211886422,"Sohna Rd, Opp. Govt High School, Islampur Village, Sector 38, Gurugram",122018
Mohan Motor,Palwal,Faridabad,Haryana,North,Mohan Kumar,9466329948,"Opp. Guru Nanak Hospital, By-Pass Road Palwal",121102
Rajesh Maruti Workshop,Karvi,Chitrakoot,Uttar Pradesh -Eastern,North,Rajesh,9450222895,"Karvi, Chitrakoot",210205
Rajesh Moters,Attara,Banda,Uttar Pradesh -Eastern,North,Rajesh,9670011460,"Jalalpur Road, Saidpur churaha Near Rajaram babulal Sahu Vidya Mandir",224146
BILLUU TRACTOR WORKSHOP,BALLABHGARH,Faridabad,Haryana,North,Mr. Billu,9810439136,Ballabhgarh,121004
Gautam Motors,Kanth Road,Moradabad,Uttar Pradesh - Western,North,Gautam Singh,9719012952,"Kanth Road, Moradabad",244001
Furqan Motor Works,Dilra Chowk,Dilari,Uttar Pradesh - Western,North,Mohmmad Furqan,8193997270,"Dilra Chowk, Dilari",244401
KGN Workshope,Dilra Chowk,Dilari,Uttar Pradesh - Western,North,Haji Riyasat,9639304844,"Dilra Chowk, Dilari",244401
Israr Motor Works,Moradabad Road,Tanda,Uttar Pradesh - Western,North,Israr Ahmad,9761362259,"Moradabad Road, Tanda",244922
Aadil Motor Geraj,Thakurdwara Road,Bhojpur,Uttar Pradesh - Western,North,Mohmmad Aadil,9690169995,"Thakurdwara Road, Bhojpur",244402
Saini Motor Works,Moradabad Road,Tanda,Uttar Pradesh - Western,North,Ajay Saini,8864979941,"Moradabad Road, Tanda",244922
Mukhtar Motor Works,Aligarh Road,Behjoi,Uttar Pradesh - Western,North,Mukhtar Ahmad,9719695511,"Aligarh Road , Behjoi",244410
Vijay Maruti Ser. Centar,Moradabad Road,Tanda,Uttar Pradesh - Western,North,Vijay Kumar,9412531867,"Moradabad Road, Tanda",244922
Khan Motor Repaire,Moradabad Road,Tanda,Uttar Pradesh - Western,North,Aasim Khan,9758063250,"Moradabad Road, Tanda",244922
Bunty Motor Works,Kohinoor Choraha,Moradabad,Uttar Pradesh - Western,North,Bunty,9837671375,"Kohinoor Choraha, Moradabad",244001
Bhura Motor Works,Moradabad Road,Tanda,Uttar Pradesh - Western,North,Bhura Khan,7037173077,"Moradabad Road, Tanda",244922
Akram Auto Scaner,Near Garhwal Talkies,Kotdwar,Uttarakhand,North,Mohd Akram,9897981632,"Near Garhwal Talkies, Kotdwar",246149
Sabir Tractor Works,Najibabad Road,Kiratpur,Uttar Pradesh - Western,North,Mohd Sabir,9917392705,"Najibabad Road, Kiratpur",246731
Pramood Auto Works,Station Road,Dhampur,Uttar Pradesh - Western,North,Pramood Kumar,9557483096,"Station Road, Dhampur",246761
Kafeel Motor Works,Kotdwar Road,Najibabad,Uttar Pradesh - Western,North,Kafeel Ahmad,9837426347,"Kotdwar Road, Najibabad",246763
Zimidara Tractor Works,Patiala road,Narwana,Haryana,North,Dilbagh,9416502354,"Patiala Road, Near Old Escort Dealer, Narwana",126116
Hero Honda Service,Chhachhrouli,Yamuna Nagar,Haryana,North,Tirlok Singh,9466423014,"Chhachhrouli, Yamuna Nagar, Bilaspur Road, Opp. BUS Stand",135103
Mehboob Auto Repair,Pabni,Yamuna Nagar,Haryana,North,Mehboob Ali,9466212034,"Jagadhri, Sarawan Road, Pabni",135003
Sai Auto Repair,Sadhoura,Yamuna Nagar,Haryana,North,Sandeep Kumar,9315513139,"Grain market, Sadoura, Yamuna nagar",135003
Shiv Motor Garage,Bilaspur,Yamuna Nagar,Haryana,North,Chander Parkash,9416166596,"Grain market, Bilaspur, Yamuna nagar",135102
Saravjit Motor World,Pipli,Yamuna Nagar,Haryana,North,Saravjit Singh,9813150110,"G.T Road, Opp. Sector - 3, Pipli, Yamuna nagar",136132
Pappu Tractor Works,Kemri Road,Bilaspur,Uttar Pradesh - Western,North,Mr. Pappu,9927015070,"Kemri Road, Bilaspur",244921
Om Prakash Tractor Repair,Matkheda Road,Bilaspur,Uttar Pradesh - Western,North,Mr. Om Prakash Singh,9267790095,"Matkheda Road, Bilaspur",244921
Karma Motor Garage,Chhachhrouli,Yamuna Nagar,Haryana,North,Karamveer Saini,8053500027,"Opp. BDO Office, Paonta Sahib Road, Chhachhrouli",135103
Gambhir Motor Garage,Bilaspur,Yamuna Nagar,Haryana,North,Satish Gambhir,9416079296,"Jogadhari, Bilaspur Road, Near Grain Mandi",135102
Vijay Auto repair,Khizrabad,Yamuna Nagar,Haryana,North,Raj Kiran,9991462661,"Khizrabad, Yamuna Nagar, Opp. Grain Market, Paonta Sahib Road",135001
Inder Motor Garage,Auto Market,Sirsa,Haryana,North,Inderjeet Singh,9896022811,"57, Auto Market, Sirsa",125055
Anil Tractors Workshop,Tanda Maidas,Bijnor,Uttar Pradesh - Western,North,Anil Kumar,9927505626,"Kotdwar Road, Tandamaidas",246701
Afsar Tractor Works,Jalalabad,Bijnor,Uttar Pradesh - Western,North,Mohd. Afsar,9639132341,"Bijnor road, Jalalabad",246701
Idrees Tractor Workshop,Najibabad,Bijnor,Uttar Pradesh - Western,North,Mohd. Idrees,9012886019,"Kotdwar Road, Najibabad",246701
Binni Tractor Workshop,Najibabad,Bijnor,Uttar Pradesh - Western,North,Binni Raj,9568923263,"Kotdwar Road, Najibabad",246701
Saleem Auto Service,Rampur Road,Tanda,Uttar Pradesh - Western,North,Saleem,9410630304,"Rampur Road, Tanda",244922
Pappu Motor Works,Sambhal Road,Dingerpur,Uttar Pradesh - Western,North,Rafeeq Ahmad,9412474996,"Sambhal Road, Dingerpur",244301
Umar Motor Works,Sambhal Road,Dingerpur,Uttar Pradesh - Western,North,Mohd. Umar,9410067767,"Sambhal Road, Dingerpur",244301
Mehsar Auto World,Moradabad Road,Seohara,Uttar Pradesh - Western,North,Mohd. Mehshar,9557633787,"Moradabad Road, Seohara",246746
Singh Tractor Workshop,Datyana Road,Jalilpur,Uttar Pradesh - Western,North,Kavender Singh,9719410090,"Datyana Road, Jalilpur",246725
Shahid Tractor Works,Najibabad Road,Bijnor,Uttar Pradesh - Western,North,Mohd. Shahid,9917292655,"Najibabad Road, Bijnor",246701
Shabban Tractor Works,Basta Road,Chandpur,Uttar Pradesh - Western,North,Mohd. Shabban,8057376410,"Basta Road, Chandpur",246725
Swaraj Tractor Workshop,Basta Road,Chandpur,Uttar Pradesh - Western,North,Mohd. Suleyman,8958198440,"Basta Road, Chandpur",246725
Aalam Tata Motor Works,Kotdwar Road,Najibabad,Uttar Pradesh - Western,North,Mohd. Aalam,9927127278,"Kotdwar Road, Najibabad",246763
Naseem Hero Honda Workshop,Aish Bagh,Lucknow,Uttar Pradesh - Central,North,Mr. Naseem,9935573069,"Bhusha Mandi, Mill Road, Aishbagh",226004
Ajay Auto Service Center,Nigoha,Lucknow,Uttar Pradesh - Central,North,Mr. Ajay Kumar,8756596345,"Rai Bareilly Road, Nigoha",226302
Dhillon Tractor works,Samain,Narwana,Haryana,North,Mr. Balwan Dhillon,989691014,"Samain, Narwana",125120
Vishwakarma Auto Works,Narwana,Narwana,Haryana,North,Mr. Kuldeep Bhattu,7015976791,Narwana,126116
Balaji Motor Workshop,Tohana,Narwana,Haryana,North,Mr. Kala,9466730397,Tohana,125120
Balli Auto Works,Uklana,Narwana,Haryana,North,Mr. Surinder,9812027165,Uklana,125113
AJANTA AUTO WORKS,Dongri,Mumbai,Maharashtra,West,Rajitram Prajapati,9324743345,"86,RAHIM CASTLE BLDG, NISHAN PADA ROAD, NEAR DELHI DARBAR RESTAURANT, MUMBAI-400009",400009
SAI MOTORS,Seawoods,Navi Mumbai,Maharashtra,West,Rakesh Morya,9004355275,"SUNCITY HEIGHTS , SHOP NO.6, PLOT NO. 39/40, SECTOR-44/A, SEAWOODS (W), NAVI MUMBAI-400706",400706
MAHAVEER GARAGE,Ulhasnagar,Thane,Maharashtra,West,Ishu,9890404398,"Netaji Kurla Camp road, Opp. Mughdha Apartment, Ulasnagar-421004",421004
KUNAL AUTO GARAGE,Murbar,Thane,Maharashtra,West,Malhari,9422385947,"Near BP petrolium, Saragaon Road, Murbad, Thane-421401",421401
SHREE DATTAGURU AUTO GARAGE,Chavindra,Thane,Maharashtra,West,Gurunath,9860118366,"At: Chavindra,Po: Dandigarwadi, Ta: Bhivandi, Dis- Thane 421302",421302
MAA ASHAPURA MOTORS,Manpada,Thane,Maharashtra,West,Vasant Panchal,9821855161,"Gala No.3, Solkar Compound, Near Tikuji ni wadi, Manpada, Thane - 400607",400607
MORESHWAR MOTOR GARAGE,Lonere,Raigadh,Maharashtra,West,Nandkumar Pawar,9209208430,"At & Post: Lonere, Mumbai-Goa Highway, Ta: Mangaon, Dist- Raigad - 402104",402104
RAHUL AUTO PARTS,Kopar Khairane,Navi Mumbai,Maharashtra,West,Babban Prasad,8652641126,Shop no 1 plot no 6 sector no 1 ghansoli navi  Mumbai 400701,400701
SMITH AUTO PARTS,PADGHA,THANE,Maharashtra,West,RAJENDRA,8983428881,"Opp. Bank of Maharashtra, at- Post- Padgha, THANE- 421101",421101
JACK GEARS,MIRA ROAD,MUMBAI,Maharashtra,West,RAMESH SHARMA,9820548268,"Shop no.2-3-4-5, Neelkanth Tower, B/h Bank of Baroda, Kanakia, Mira Road, Mumbai - 401107",401107
RATNADEEP AUTOMOBILES,AMBADI,THANE,Maharashtra,West,DILIP PATIL,8888278855,"At- Ambadi, Ta- Bhivandi, Dist- Thane-441202",441202
YAKSH AUTO CARE,DAHANU,DAHANU,Maharashtra,West,BHARAT RAO,9226564820,"Shop no 13-14, Building 8 , KT Nagar, Dahanu-401602",401602
VINAYAK AUTO GARAGE,MANGAON,RAIGADH,Maharashtra,West,M.B.MEHTA,9421963101,"Bombali road, Mangaon, Raigadh-402104",402104
NIDHIN AUTO GARAGE,MANGAON,RAIGADH,Maharashtra,West,JANARDHAN,9422494027,"Shree Krisha complex, Mangaon, Dist - Raigad -402104",402104
KALYANI AUTO PARTS,DAPOLI,RATNAGIRI,Maharashtra,West,KALYANI AUTO PARTS,9209483020,"Gadital, Dapoli, Dist - Ratnagiri-415712",415712
KHODIYAR AUTO,SIMADA,SURAT,Gujarat,West,KHODIYAR AUTO,9825839095,"Shop no.18, Krishna Shopping, Sangna society, Simada, Surat-395010",395010
JAY KHODIYAR AUTO GARAGE,PUNAGAM,SURAT,Gujarat,West,JAY KHODIYAR AUTO GARAGE,9913338133,"B/11, Shiv shakti society, Kargil chowk, Punagam, Surat-395006",395006
JAY SHREE KHODIYAR AUTO GARAGE,VARACHHA,SURAT,Gujarat,West,JAY SHREE KHODIYAR AUTO GARAGE,9825546177,"Shop no.8, A-Ashopalav apartment, Opp. Himmatnagar shakmarket, A K Road, Varacha, Surat-395006",395006
SAI AUTO PARTS,SAYAN,SURAT,Gujarat,West,SAI AUTO PARTS,9825607201,"Opp. Omkar ply, Olpad Sayan Road, Sayan, Surat-394130",394130
DARSHAN AUTOMOBILES & GARAGE,SHAHUNAGAR,NASHIK,Maharashtra,West,DARSHAN AUTOMOBILES & GARAGE,9766889952,"4/5/6, Riyanka Apartment, ITI pulajval, Shahu nagar, Nashik-422008",422008
GADEKAR AUTO,YEOLA,NASHIK,Maharashtra,West,GADEKAR AUTO,9822338732,"Vinchur Road, Yeola, Dist- Nashik-423401",423401
SHREERAM AUTO GARAGE,SATANA,NASHIK,Maharashtra,West,SHREERAM AUTO GARAGE,9420004239,"Devala road, Satana, Dist- Nashik-423301",423301
CHANDAN AUTOMOBILES,DINDORI,NASHIK,Maharashtra,West,CHANDAN AUTOMOBILES,8421636040,"At-Post & TA: Dindori, Dist - Nashik-422202",422202
JAI MATADI AUTOMOBILES,SINNAR,NASHIK,Maharashtra,West,JAI MATADI AUTOMOBILES,9975988501,"Vavives, sinnar, Nashik-422103",422103
SAIRAJ AUTOMOBILE,KANASHI,NASHIK,Maharashtra,West,SAIRAJ AUTOMOBILE,9405306162,"At & Post - Kanashi, Ta-Kalwan, Dis- Nashik-423502",423502
SS SERVICE CENTER,SEAWOODS,NAVI MUMBAI,Maharashtra,West,SS SERVICE CENTER,9833007535,"Sadguru Pride CHS, Shop number-4, Plot no-4, Plot no.6-Sector-42A, Seawoods, Navi Mumbai-400706",400706
SAIDEEP CAR SERVICE,AHMEDNAGAR,AHMEDNAGAR,Maharashtra,West,SAIDEEP CAR SERVICE,9960023533,"Nagar Manmad highway, Bolhegaon phata, Near Sina bridge, Ahmedanagar-414001",414001
J.R.AUTO GARAGE,DOMBIVALI,THANE,Maharashtra,West,DEVDAS NADAR,8097022236,"Shop No.1, Ganesh Niwas, Dindayal cross road, Dombivali west, Thane - 421202",421202
RADHASWAMI AUTO GARAGE & SERVICE STATION,VARACHHA,SURAT,Gujarat,West,JITENDRABHAI PANSARA,9924864802,"Shop no.3, Plot no. 198, Ram nagar society, Khodiyar nagar road, Varacha, Surat-395006",395006
SHIVSHAKTI AUTO PARTS,NAROLI,SILVASSA,Gujarat,West,JIGNESHBHAI SOLANKI,9825184839,"Naroli char rasta, ta: Silvasa, Dist: Dadra Nagar Haveli-396235",396235
PATEL AUTO PARTS,DHARAMPUR,DHARAMPUR,Maharashtra,West,MINTU PATEL,9825169118,"Taluka panchayat shopping center, Shop no.6, Opp. Kumar school, Dharampur-396050",396050
SHREE GANESH AUTOMOBILES GARAGE & OIL,BADLAPUR,THANE,Maharashtra,West,ATUL SAKPAL,8626013128,"Near HP Petrol pump, Katrap road, Badlapur(E), Thane-421503",421503
HARI OM HERO HONDA SERVICE,TASGAON,SANGLI,Maharashtra,West,SHINIVASH MAHENDRAKAR,9766807806,"Sangali Naka, Tasgaon Dist - Sangali- 416312",416312
VEDANT AUTO GARAGE,TASGAON,SANGLI,Maharashtra,West,UMESH PAWAR,9637392730,"Bhilodi Road, Tasgaon Dist - Sangali-416312",416312
SHREE SAI SIDDHI AUTOMOBILES,PARLI-VAIJINATH,BEED,Maharashtra,West,VIJAY ADHAV,9422742016,"Shivaji Chowk, Parli, Vaijinath, Dist- Beed-431515",431515
Shree Ganesh Motors,Walwa,Sangli,Maharashtra,West,Mr. Harishchandra Shinde,9975958909,"Krishna, Complex, Aamrai road, Sangli-416416",416416
Rasid Garage,Karad,Satara,Maharashtra,West,Mr. Rashid Mulla,9922444853,"348, Shaniwar Peth, Karad, Dist- Satara-415110",415110
Om Automobiles,Umred,Nagpur,Maharashtra,West,Mr. Kishor Haribhau Rode,8007491351,"Pande Layout, Bela, Ta-Umred, Dist. - Nagpur-441108",441108
Yashoda Automobiles,Wardha Road,Nagpur,Maharashtra,West,Mr. Rameshwar Pundlik Bhure,9860089375,"Plot No.13/2, Satnaji society, Butibori, Wardha road, Nagpur-441108",441108
Nilesh Automobiles,Umred,Nagpur,Maharashtra,West,Mr. Ravindra Mate,9604533292,"At & Post - Bela, Tehsil - Umred, Nagpur-441108",441108
Raj Automobile,Caranzalem,Talegaon,Goa,West,Mr. Rajendra Tari,7822127001,"Viegas morod, caranzalem, Talegaon, Goa - 403002",403002
Koteshwar Auto Garage,Pusegaon,Satara,Maharashtra,West,Mr. Vikas Katkar,7755947329,"Phaltan road, Pusegaon, Tal-Khatav, Dist- Satara, Maharashtra -415502",415502
VIJAY AUTOMOBILE,Gadhinglaj,Kolhapur,Maharashtra,West,Vijay Deulkar,9822866429,"Aajra road, Gadhinglaj, Dist- Kolhapur-416502",416502
BAJAJ AUTOMOTIVE,Gadhinglaj,Kolhapur,Maharashtra,West,Rujay Farnandes,9423281031,"Aajra road, Gadhinglaj, Dist- Kolhapur-416502",416502
PENDSE AUTO GARAGE,,,Maharashtra,West,,9869187372,"At & Post - Diveagar, Ta- shree Vardhan, Dist -Raigad - 402404",402404
HINDUSTAN AUTO GARAGE,Ashta,Sangli,Maharashtra,West,Mr. Shoukat Mujawar,9921237468,"Main Road, Ashta, Dist- Sangli, Maharashtra -416312",416312
Baban Servicing Center,Rashim Bagh,Nagpur,Maharashtra,West,Subhas Sadashivarao Revatkar,9373198361,"Rashim Bagh, Near Mahatma Phule Sabhagruh, Nagpur- 440009",440009
GURUDATTA AUTO WORKS,Walwa,Sangli,Maharashtra,West,Mr. Abhijeet Nikam,7775959895,"Shamnagar, Islampur, Walawa, Dist- Sangli - 416313",416313
MUNNA AUTO GARAGE,,,Maharashtra,West,,9028373411,"Pareli, At: Pali, Dist- Raigadh. Maharashtra-402104",402104
RAUT AUTO CARE & SPARES,Mapusa Market,Mapusa,Goa,West,Mr. Jalesh Raut,9860031331,"Anant Apartment, Angod, Mapusa, Goa - 403507",403507
Bike Service Point,KALIPUTLI CHOWk,Balaghat,Madhya Pradesh,West,Mr. SHARIF BHAIJAN,9229558612,"KaliPutali Chowk, In front of Traffic Police station, Hanuman mandir Gali, Balaghat, MP-418001",418001
R.K. Automobiles,Rishod,Washim,Maharashtra,West,Mr. Rahamad Khan,9423430644,"Loni Road, APMC Complex, Rishod, Washim , Maharashtra-444506",444506
Liyakat Auto Center,Kavathe-Mahankal,Sangli,Maharashtra,West,Mr. Liyakat Ramjan Ghekade,9421129486,"Jath Road K Mahankal, Near Prashant Auto spare, Kavathe-Mahankal, Dist- Sangali, Mahashtra-416416",416416
Amol Auto Center,Kavathe-Mahankal,Sangli,Maharashtra,West,Mr. Amol Dnyandev Londhe,9421184377,"Jath Road, Kavathe-Mahankal, Kavathe-Mahankal , Dist- Sangli, Maharashtra- 416405",416405
Vijay Auto Garage,Kavathe-Mahankal,Sangli,Maharashtra,West,Sachin Manik Harale,9096391473,"Nagaj Phata, Kavathe-Mahankal, Dist- Sangli , Maharashtra - 416405",416405
S.S.Motor Garage,Gokul Shirgaon,Kolhapur,Maharashtra,West,,9765157906,"Pune Banglore Highway, Opp. Konduskar Petrol pump, Gokul Shirgaon, Dist- Kolhapur, Maharashtra - 416013",416013
Mahalaxmi Auto Service,Ramanandnagar,Kolhapur,Maharashtra,West,Mr. Satish Hiremath,9766802797,"Ramanand Nagar, Kolhapur, Maharashtra-416003",416003
Ranjeet Auto Repairs & Service,Marwar Junction,Pali,Rajasthan,West,Mr. Ranjeet Gurjar,9772591330,"Opp. Petrol Pump, Jadan Road, Marwar Junction Dist. Pali, Rajasthan – 306001",306001
Aajrekar Motor Garage,Near Idgah,Sangli,Maharashtra,West,Mr. Shmim Abbas Mangaonkar,8806499448,"Near idgah, sangli city, Sangli, Maharashtra-416416",416416
Vitthal Motors,New Nanded By Pass,Latur,Maharashtra,West,Vitthal Kangane,7038842042,"Opp. Indian Oil Petrol Pump, New Nanded By Pass,Latur, Maharashtra - 413512",413512
Dhan Laxmi Auto Parts & Repairs,Ahore,Jalore,Rajasthan,West,Mr. Suja Ram Choudhary,9602509297,"Jodhpur Road, Bhadrajune,Tah. Ahore, Dist. Jalore , Rajasthan-307029",307029
Ramdev Auto Parts & Repairs,Sanchore,Jalore,Rajasthan,West,Mr. Bhanwar Lal,8290922531,"Post – Khara, Tahsil – Sanchore, Dist.- Jalore , Rajasthan-343041",343041
Car Care Center,Kolhapur gargoti Road,Mudaltitta,Maharashtra,West,Mr. Kiran Gaurav,9421283169,"Kolhapur gargoti road, Near P.b Patil highschool , Mudaltitta, Maharashtra- 416209",416209
Ajay Auto Parts & Repairing,Guraya Road,Chhindwada,Madhya Pradesh,West,Mr. Ajay Choubitker,9424990380,"New Sabji mandi, Guraya Road, Chhindwada, MP- 480001",480001
Dipak Auto Garage,Hiwarkhed,Akola,Maharashtra,West,Mr. Dipak Aswar,9665335723,"Main Road, Near State Bank, Hiwarkhed, Akola, Maharashtra – 444103",444103
Mangal Auto Services,Gulabpura,Bhilwara,Rajasthan,West,Virdi Chand Tailor,9214637233,"Hurda Road, Gulabpura, Bhilwara, Rajasthan - 311021",311021
Mauli Auto Center,Opp Bidri Sugar Factory,Bidri,Maharashtra,West,Mansing Patil,9881626363,"Main Road, Opp. Bidri Sugar Factory, Bidri, Maharashtra - 416208",416208
Lokpriya Motor Garage,Gokul Shirgaon,Kolhapur,Maharashtra,West,Mr. Abdulgani Ismailso Shaikh,8087934555,"Near Sudarshan Petrolpump, Gokul Shirgaon, Dist- Kolhapur, Maharashtra - 416234",416234
Shakti Motor Garage,Waghwadi Phata Peth Islampur,Sangli,Maharashtra,West,Mr. Bajirao Ghalge,9423272383,"NH-4 Highway, Waghwadi Phata Peth Islampur, Dist- Sangali, Maharashtra- 415409",415409
Rajesh Motor Garage,Ganpati Peth,Sangli,Maharashtra,West,Mr. Rajesh Dattu Dabde,9423267076,"Old Truck Area, Ganpati Peth, Sangli, Maharashtra – 416610",416610
Ankal Motors,Karad,Satara,Maharashtra,West,Mr. Sunil Janardhan Kundale,9890624607,"Pune-Banglore Road, Near Anapurna Hotel,A/P:- Gote Tal:-Karad, Dist- Satara,Maharashtra -415124",415124
Someshwar Auto Center,Shirval,Satara,Maharashtra,West,Mr. Deepak Sadashiv Bhandvalkar,9766561645,"Main Road, Near Bharat Petrolpump, Shirval, Dist- Satara, Maharasthra - 412801",412801
Sailani Auto Garage,Mangrulpir,Washim,Maharashtra,West,Mr. Abdul Rahman Mohd. Shabbir,9850418356,"Karanja Road, Next To Pragati Automobiles, Mangrulpir, Washim, Maharashtra – 444403",444403
Golden Auto Garage,Shiroli,Kolhapur,Maharashtra,West,Mr. Jailuddin Desai,8862000771,"Desai Mohlla, Main Road,Shiroli Dist- KolhapurMaharashtra - 416122",416122
Hasanali Auto Mechanical Works,"Near Karale Servicing Center , Shejari",Sangli,Maharashtra,West,Mr. Hasanali Sattar Ladji,9765784304,"Juna Budhgaon Road, Near Karale Servicing Center , Shejari, Sangli, Maharashtra- 416416",416416
Shree Swami Samarth Service point,Tisgaon,AHMEDNAGAR,Maharashtra,West,Mr. Balasaheb Mahaske,9423756758,"Shop No. 02, Grampanchayat , Shopping Center, Nagar Road, Tisgaon , Dist. Ahemadnagar, Maharashtra-414106",414106
Shivam Service Point,Tisgaon,AHMEDNAGAR,Maharashtra,West,Mr. Deepak Sawant,9922148954,"Meri Road, Opp. Bpcl Pump, Tisgaon , Dist. Ahemadnagar, Maharashtra-414106",414106
New Sachin Automobiles,Sahyadri Mini Market,NASHIK,Maharashtra,West,Mr. Tanaji Kisan Rankhamb,9881749477,"Shop No. 02 , Sahyadri Mini Market, Near Ambad Police Station, Nashik, Maharashtra - 422009",422009
Arihant Auto Garage,Khandala,Satara,Maharashtra,West,Mr. Sandeep Dattatray,9922816186,"Opp.Joglekar Hospital, Pune-Banglore Highway, A/P:-Shirval Tal.Khandala Dist-Satara, Maharashtra-412801",412801
Mahindra Tractor Garage,Khandala,Satara,Maharashtra,West,Mr. Shamkant Maruti Bhosale,9421119659,"Opp.Joglekar Hospital, Pune-Banglore Highway,A/P:-Shirval Tal.Khandala Dist-Satara Maharashtra-412801",412801
Shree Ganesh Tyres and Oil,Dhankawadi,Pune,Maharashtra,West,Mr. Maruti Renuse,9860717626,"Survey .No-13D/1, Shop No.6, Teen Hatti Chowk , Shambhaji Nagar, Dhankawadi, Pune – 411043",411043
Super Diamond Garage,Lalbara,Balaghat,Madhya Pradesh,West,Mr. Sheikh Sahezade,8878357042,"Main Road, Lalbara, Dist- Balaghat, MP - 481441",481441
Tushar Auto Repairs & Service Center,Mansarovar,Jaipur,Rajasthan,West,Mr. Bhagchand Kumawat,9828053027,"110,Sumer Nagar -II, Agrawal Farm, Kalayanpura, Mansarovar, Jaipur, Rajasthan - 302020",302020
Mahalaxmi Auto Service Center,Mahud,Solapur,Maharashtra,West,Santosh Kumbhar,9657200341,"Mahalaxmi Auto Service Center, Akluj Road, Mahud, Dist- Solapur, Maharashtra - 413306",413306
R.M.Auto Works,Gokul Shirgaon,Kolhapur,Maharashtra,West,Mr. Mukttat Gous Makandar,9922472902,"Near Konduskar Petrol pump, P.B. Road, Gokul Shirgaon, Dist- Kolhapur, Maharashtra - 416234",416234
India Motors,Indapur,Pune,Maharashtra,West,Mr. Vasim Ismail Sheikh,9552522277,"Opp. Hotel Jalasa, Pune-Solapur Highway, Indapur, Tal-Indapur, Dist- Pune,Maharashtra - 413106",413106
Universal Automobiles,Islampur,Ratnagiri,Maharashtra,West,Mr. Rajendra Anna Masal,9822086084,"Opp. Reliance Petrol Pump, Islampur, Dist- Ratnagiri, Maharashtra - 415409",415409
Gurukrupa Automobiles,Vedagaon Sheri,Pune,Maharashtra,West,Mr. Gopal Roy,8087637381,"Shop No-7, Gardenia Phase-2,Near Shubham Bus Stop, Vedgaon Sheri, Pune, Maharashtra - 411014",411014
Jitendra Automobiles,Chandan Nagar,Pune,Maharashtra,West,Mr. Jitendra Firodiya,9823358008,"DattaPrasad Hsg. Soc., Near Khalasa Gym.,Sangharsh Chowk, Chandan Nagar, Pune , Maharashtra- 411014",411014
Bajrang Honda Care,Sirsi Road,Jaipur,Rajasthan,West,Mr. Bajrang Lal Kumawat,9982186453,"Pachyatwala Bus Stand, Sirsi Road, Jaipur, Rajasthan - 302034",302034
New Mauli Tractor Garage,Wadvani,Beed,Maharashtra,West,Mr. Balasaheb Rohidas Savase,7083921919,"Beed Road, Wadvani, Dist- Beed, Maharashtra-431144",431144
Om Auto Spare & Servicing,Wadgaon Sheri,Pune,Maharashtra,West,Mr. Deepak Mhaske,9850569914,"Anand Park, Wadgaon Sheri, Pune, Maharasthra - 411014",411014
Indore Mechanics,Mishra Nagar,Indore,Madhya Pradesh,West,Shishir Varde,8962945326,"13, Mishra Nagar, Annapurna Road, Indore, MP- 452009",452009
Pathan Tractor Service Center,Wadvani,Beed,Maharashtra,West,Mr. Shaikh Anwar Gulab,9730949677,"Beed Road, Wadvani, Dist- Beed, Maharashtra-431144",431144
Autogenii Car Care Service,Vishal Nagar,Pune,Maharashtra,West,Mr. Akash Chandrashekhar Naik,8055533601,"Survey No-12, Besides 24 K, Before Sathe Petrol Pump, Dp Road, Vishal Nagar, Pimple Nilakh, Pune, Maharashtra - 411027",411027
Mauli Auto Garage,Umri Naka,Akola,Maharashtra,West,Mr. Ravindra Patekar,9763771709,"Opp. Durga Mata Mandir, Umrinaka, Akola, Maharashtra-444001",444001
Shri Sai Tractor Garage,NH-4 Highway,,Maharashtra,West,Mr. Sambhaji Shinde,9823833921,"Shri Sai Tractor Garage, Vathar Vadgaon Road, Nh-4 Highway, Maharashtra - 416112",416112
Pooja Automobiles,Panvel,Raigad,Maharashtra,West,Mr. Venkat Laxman Reddy,9821107961,"Shop No. 9, Sneh Garden, R.G. Gadkari Road, Behind Aadarsh Hotel, Panvel, Dist- Raigad, Maharashtra- 410206",410206
Gholap Auto Garage,Majalgaon,Beed,Maharashtra,West,Mr. Shiddheshwar Shivaji Gholap,9604309393,"Gevroi Road, Majalgaon, Dist- Beed, Maharashtra-431131",431131
Shri Mahakali Tractors Workshop,Kavthemahankal,Sangli,Maharashtra,West,Mr. Pravin Sadashiv Bansode,8600530640,"Dhulgaon Road, Kavthemahankal, Dist- Sangli,Maharashtra-416405",416405
Aaba Honda & Bajaj Service,Kagal,Kolhapur,Maharashtra,West,Mr. Bandopant Dattaray Metil,9764198575,"Gargoti Road, Opp. Datt Temple, Bidri , Ta- Kagal, Dist- Kolhapur, Maharashtra-416208",416208
Shri Gurukrupa Hero Honda Service,Kavthemahankal,Sangli,Maharashtra,West,Mr. Dhiraj Latavde,9158736689,"Main Road, Jath Road, Kavthemahankal, Dist- Sangali,Maharashtra-416405",416405
Eco Car Spa,Palegaon Chowk,Ambarnath (E),Maharashtra,West,Mr. Bhusan Yashwant Zambre,8888173300,"Survey No.33/3, Palegaon Chowk, Near Anand Sagar Resort, Pipeline Road, Ambarnath (E), Maharashtra- 421501",421501
Dhananjay Mistri Motor Garage,Akluj,Solapur,Maharashtra,West,Mr. Dhanaji Khusaba Pawar,9763383071,"Ganesh Nagar , Akluj, Dist – Solapur,Maharashtra-413101",413101
S.K.Motor Garage,Nanded Road,Latur,Maharashtra,West,Mr. Sheru Bhai,9767775180,"Basvshwar Chowk, Nanded Road, Latur, Maharashtra- 413512",413512
Aakash Tractor Garage,Majalgaon,Beed,Maharashtra,West,Mr. Ganesh Babasaheb Mane,9921737915,"Dharur Road, Majalgaon, Dist- Beed, Maharasthra – 431131",431131
Majisa Auto Parts,Mokalsar,Barmer,Rajasthan,West,Mr. Nitesh Bissa,9680684848,"Railway Station Road, Mokalsar, Di – Barmer, Rajasthan-344043",344043
Jotirling Tractor Garage,bhudargad,Kolhapur,Maharashtra,West,Mr. Dattatray Shamrao Songekar,9765643294,"Aadmapur Road, Mudhaltitta, Ta- Bhudargad Di- Kolhapur, Maharashtra-416216",416216
Jarnail Gurmail Motor Repairing Works,Automobile Nagar,Jaipur,Rajasthan,West,Mr. Jarnail Singh,9929422009,"B/1/38 Automobile Nagar , Jaipur, Rajasthan-302003",302003
Kedarnath Bike Point,Radhanagari,Kolhapur,Maharashtra,West,Mr. Rahul Patil,9834229725,"Chandre, Ta - Radhanagari, Di- Kolhapur, Maharashtra-416221",416221
New Sairaj Motor CYcle Works,Panchvati,NASHIK,Maharashtra,West,Mr. Jitendra Ashok Khairnar,9850773483,"Shop No. 05 , Shivani Heights, Makhmalabad Naka , Panchvati, Nashik, Maharashtra-422003",422003
Mahendra Gosavi Servicing Center,Shukravar Bazar,Akola,Maharashtra,West,Mr. Mahendra Gosavi,8483923000,"Nanakseth Nebhnani Complex, Shukravar Bazar, Near Railway Flyover, Murtizapur, Dist- Akola, Maharashtra-444107",444107
HMT Tractor Garage,,Sangli,Maharashtra,West,Ilai Allibhai Mulani,9423273131,"100ft Road, Sangli, Maharashtra - 416415",416415
Aappa Tractor Garage,,Sangli,Maharashtra,West,Basavraj Sanghappa Sutar,9765985761,"Sangli Kolhapur Road, Sangli, Maharasthra - 416410",416410
Friends Motor Garage,,Kolhapur,Maharashtra,West,Irshad Momin,9922195025,"Ganganagar , Ichalkaranji Sangli Road, Ichalkaranji , Tal-Hatkanangle Dist-Kolhapur, Maharasthra – 416117",416117
Anil Auto Garage,,Sangli,Maharashtra,West,Datta Laxman Pawar,8888621231,"Dighanchi, Ta- Aatpadi, Di- Sangli, Maharashtra-415315",415315
Shriram Automobiles,,Sangli,Maharashtra,West,Pravin Ananta Shinde,9970789916,"S T Stand Shejari, Dighanchi Aatpadi Road,Dighanchi, Ta- Aatpadi,Di- Sangli, Maharashtra-415315",415315
Shri Gurudatt Garage,,Sangli,Maharashtra,West,Rajendra Shingare,9890273758,"Dighanchi Chouk , Atapadi Dighanchi Road, Near Kisan Tyres , Dighanchi, Tal-Atapadi , District-Sangli. Maharashtra- 415315",415315
Sandip Tractor Garage,,Sangli,Maharashtra,West,Sandip Balaso Khorphale,9730736408,"Opp. Reliance Petrol pump, Sangli Islampur Road , Tal-Walwa , Dist-Sangli, Maharashtra - 415414",415414
Raj Motor Garage,,Beed,Maharashtra,West,Sayed Moin Sayad Tahesin,9823854888,"Jalna Road, Opp.Khaja Complex, Beed, Maharashtra- 431122",431122
Dosti Motor Garage,,Parbhani,Maharashtra,West,Shaikh Yunus Babamiya,9623248370,"Dosti Motor Garage, Parli Road, Gangakhed, Dist- Parbhani, Maharasthra – 431514",431514
Mauli Motors,,Beed,Maharashtra,West,Ashok Uttam Panjage,9420575734,"Beed- Jalna Road, Georai,Dist- Beed, Maharasthra – 431127",431127
Shivshakti Auto Parts,,Shevgaon,Maharashtra,West,Santosh Babruwan Langar,9850222364,"Meri Road , Nath Nagar, Shevgaon, Maharashtra- 414502",414502
Om Sai John Deere Tractor Garage,,Beed,Maharashtra,West,Amol Dilip Bhore,7517909214,"Beed- Parli Road, Telgaon, Dist- Beed, Maharashtra- 431131",431131
Royal Auto Garage,,Bhusawal,Maharashtra,West,Wasim Malik,7972929825,"M. V. Complex, Shop No. 41, Tar Office Road, Bhusawal - 425201",425201
Shree Auto Parts & Garage,Khandala,Satara,Maharashtra,West,Deepak Eknath Bhurbhude,9763370882,"Post: Shindewadi, Taluka: Khandala, Dist: Satara, Maharashtra - 416221",416221
Shreeram Tractor Garage,Indapur,Pune,Maharashtra,West,Deepak Bhoite,9960731634,"Pune-Solapur Road, Near ST Stand, At: Bhigwan, Taluka: Indapur, Dist: Pune, Maharashtra- 413130",413130
Sahara Motors,,Beed,Maharashtra,West,Mukhtar Noor Shaikh,9822625650,"Near Heena Petro Pump, Beed, Maharashtra - 431122",431122
Jagdamba Tractor Garage,Bhigwan,Pune,Maharashtra,West,Bapu Ramdas Dhonde,9096784275,"Opp. ST Stand, Pune-Solapur Highway,At: Bhigwan, Dist: Pune,Maharashtra- 413130",413130
Shree Mahadeo Auto,Panhala,Kolhapur,Maharashtra,West,Tanaji Balwant Patil,9049603638,"Main Road, Bazar Bhogaon, Taluka: Panhala, Dist: Kolhapur, Maharashtra - 416205",416205
Shree Samarth Krupa Automobiles,Lanja,Ratnagiri,Maharashtra,West,Sachin Pawar,9423293603,"Near BSNL Office, Korle Road, At: Lanja, Dist: Ratnagiri, Maharashtra - 416701",416701
Trambakraj Tractor Garage,Trambakeshwar,NASHIK,Maharashtra,West,Pappu Waman Aachare,9767638078,"Nashik-Trambak Road, At: Trambakeshwar, Dist: Nashik, Maharashtra- 422212",422212
Bhosale Motors,Mangalwedha,Solapur,Maharashtra,West,Pravin Bhosale,9096939224,"Opp. Damaji College, Gopabai Chowk, Byepass Road, Mangalwedha, Solapur, Maharashtra - 413510",413510
Shree Sai Tractors,Pandharpur,Solapur,Maharashtra,West,Sandeep B. Dukare,9028333444,"Near Satwai Mandir, Kumbhar Galli, New Solapur Road, Pandharpur, Solapur, Maharashtra - 413304",413304
Shlok Automobiles & Service Centre,Kandalgaon,Solapur,Maharashtra,West,Suresh Kamate,9561888646,"Near Bank of India, Telgaon Road, Kandalgaon, Solapur, Maharashtra - 413221",413221
Hanuman Tractor Garage,Malshiras,Solapur,Maharashtra,West,Navnath Madne,9970862175,"Akluj Road, Malshiras, Solapur, Maharashtra - 413107",413107
Siddhi Motors,Sangola,Solapur,Maharashtra,West,Deepak Shinde,7588506133,"Opp. Gouri Petro Pump, Miraj Road, Sangola, Solapur, Maharashtra - 413307",413307
Kothari Tractor Garage,Mandrup Road,Solapur,Maharashtra,West,Nagnath Yallappa Bangare,9421064107,"13 Miles, Basav Nagar, Mandrup Road, Solapur, Maharashtra- 413213",413213
M. K. Garage,Sangola Road,Sangli,Maharashtra,West,Mahesh Kisve,9823248566,"Near Alfonsa School, Sangola Road, Jath, Dist.: Sangli, Maharashtra- 416404",416404
Ganapati Motors,Sedwa,Barmer,Rajasthan,West,Om Prakash Bishnoi,9950830019,"Vishnu Market, Bakhasar Road, Sedwa, Dist: Barmer, Rajasthan - 344706.",344706
Sachin Auto Garage,Pankaj Nagar,Jalgaon,Maharashtra,West,Dhananjay Suryavanshi,9011641565,"Swapnabhumi', Chanda Gauri Nagar, Pankaj Nagar Stop, Yawal Road, Chopada, Dist: Jalgaon, Maharashtra - 425107.",425107
Durrani Garage,Kawa Naka,Latur,Maharashtra,West,Durrani Sharif Khan,9922737517,"Basaveshwar Chowk, Kawa Naka, Opp. Shahu College, Ring Road, Latur, Maharashtra - 413512.",413512
Hero Honda Service Centre,Sikandra,Dausa,Rajasthan,West,Manohar Lal Yogi,9680566998,"Bhandari Road, Sikandra Choraya, Sikandra, Dist: Dausa, Rajasthan – 303326",303326
Chandrant Motor Garage,Sangola,Solapur,Maharashtra,West,Shrikant Gangaram Patil,9604672525,"Miraj Pandharpur Road, Sangola, Dist- Sangali, Maharashtra- 413307",413307
Bhairavnath Auto & Spare Part,Atapadi,Sangli,Maharashtra,West,Balasaheb Shivaji Sagar,8888708855,"Opp. Market Compound, Atapadi, Dist: Sangli, Maharashtra – 415301",415301
Luis Garage,Santa Cruz,North Goa,Goa,West,Luis D’Sauza,7038204450,"Corte Real, Off. Shantadurga Temple, Santa Cruz, North Goa - 403005",403005
Shree M. D. L. Garage,Kolhapur,Kolhapur,Maharashtra,West,Deepak Vasantrao Lohar,9850898196,"Ujlaiwadi, Opp. Pravin Petrol Pump, NH-4, Dist: Kolhapur, Maharashtra - 416004",416004
New Bombay Motor Garage,Latur,Latur,Maharashtra,West,Pathan Khajakha Hasimkha,9890016817,"Basveshwar Chowk, Nanded Road, Kavha Naka, Latur, Maharashtra - 413512",413512
Barku Motor Garage,Ahamadpur,Latur,Maharashtra,West,Sayyed Ayyub,9370601186,"M.G. College Road, Ahamadpur, Dist- Latur, Maharasthra - 413515",413515
Tirupati Motors Garage,Ahmedpur,Latur,Maharashtra,West,Navnath Munde,9420873123,"Near Prasad Garden, Latur Road, Ahmedpur, Dist.: Latur, Maharashtra - 413515",413515
Mauli Hero Honda Works,Aurad Shahajani,Latur,Maharashtra,West,Datta Vithal Yedate,9881839002,"Latur-Bidar Road, Aurad Shahajani, Maharashtra – 413522",413522
Aashpak Tractor Garage,Palus,Sangli,Maharashtra,West,Imamdin Kashin Mulla,9890839202,"Opp. Honda Showroom, Sangli-Palus Road, Palus, Dist.: Sangli, Maharashtra – 416310",416310
Riyaz Auto Garage,Kavathe Mahankal,Sangli,Maharashtra,West,Riyaz Maner,9665651566,"Near Market Yard, Jat Road, Kavathe Mahankal, Dist. Sangli, Maharashtra – 416405",416405
Shree Auto Parts & Repairing,Vita,Sangli,Maharashtra,West,Vishwas Ghanvat,9226797612,"Opp. Om Shree Hospital, Vita-Mayani Road, Vita, Dist. Sangli, Maharashtra – 416405",416405
Shree Sai Auto Services,Sangli,Sangli,Maharashtra,West,Ajay Bavdekar,9881082008,"Gala No. 15, Opp. Tarun Bharat Stadium, Near Uday Hotel, Sangli, Dist. Sangli, Maharashtra – 416416",416416
Universal Tractor Garage,32 Shirala,Sangli,Maharashtra,West,Mubarak Panhalkar,9860851820,"Kokrud Chandoli Road, Near Prachiti Petrol Pump, 32 Shirala, Dist.: Sangli, Maharashtra – 415408",415408
Atul Motors,Unchagaon,Kolhapur,Maharashtra,West,Atul Naik,9130319932,"Shop No. 03, Near Hotel Rahi, NH-4, Unchgaon, Kolhapur, Maharashtra – 416005",416005
Bombay Motor Garage,"Jath, Sangli","Jath, Sangli",Maharashtra,West,Tukaram Borade,9850912967,"Valsang Road, Ahead of Shinde Petrol Pump, Jath, District: Sangli, Maharashtra- 416404",416404
Shree Siddheshwar Spares & Repairing,"Jath, Sangli","Jath, Sangli",Maharashtra,West,Yogesh Mali,8329254924,"Near Pore Furniture, Guruwar Peth, Satara Road, Jath, Dist.: Sangli, Maharashtra – 416404",416404
SHREE MAHARASHTRA MOTOR GARAGE,32 Shirala,Sangli,Maharashtra,West,Ashok Shamrao Tandle,9637968798,"Opp. Police Station, Main Road, 32 Shirala, District: Sangli, Maharashtra- 415408",415408
SHIV MOTOR DIESEL WORKSHOP,Kotputlai,Jaipur,Rajasthan,West,Lilaramji Saini,9414406548,"Transport Nagar, Jaipur, Rajasthan - 303108",303108
M/S. Dhan Cycle Mart,"Borbaruah, NH-37.",Dibrugarh,Assam,East,,7086822547,"AT Road, Borbaruah, Dibrugarh",786007
Planters Garage,"Graham Bazar, Tinali.",Dibrugarh,Assam,East,,9706357980,"AT Road,Grahembazar, Dibrugarh",786001
Pravin Auto,,Dibrugarh,Assam,East,,9401029645,"Boiragimath, Dibrugarh",786003
M/S. Bajaj Auto Spares,Sibsagar,Dibrugarh,Assam,East,,9957024986,"AT Road, Gaurisagar, Sivasagar",785664
M/s. Kamal Motors,Simalgudi,Shibsagar,Assam,East,,7002081141,"Simaluguri Main Road, Sivasagar",785686
Indian Automobile,Anisbad Talab,Patna,Bihar,East,Md. Meeraj Ali,9334208273,"Anisabad, Near Surya Mandir",800002
Jay Bike Centre,Ram Jaipal Nagar,Patna,Bihar,East,Jay Sharma,9304336422,"Ramjaypal Nagar, Patna, Bihar",801503
Maa Auto Works,Gulzarbag,Patna,Bihar,East,Dhiraj Kumar,9334927350,"Badi Patan Devi, Patna City, Bihar",800007
Mintu Honda Care,Kadamkuon Pilmuhari,Patna,Bihar,East,Md. Mumtaz,9835868630,"Pirmuhani, Near Aligarh Locks",800003
Munna Two Wheeler,Gulzarbag,Patna,Bihar,East,Md. Munna,9835653124,"Nai Sarak, Patna City",800007
Rose Auto,Rajendra Path,Patna,Bihar,East,Md. Mahmood Alam,9334208619,"Pirmuhani, Near Bhattacharya Gollambhar",800003
Taju Bullet Workshop,Gulzarbag,Patna,Bihar,East,Md. Tanveer Alam,9334071148,"New Dakbungalow Road, Patna, Bihar",800001
Manoj Bike Service Centre,,Jamui,Bihar,East,Ravi Kishan Kumar,9771399328,"Khaira, Jamui, Bihar",811317
Sunil Workshop,,Jamui,Bihar,East,Sunil Rajak,9939703282,"Station Road, Jamui, Bihar",811307
Jay Mata Di Automobiles,,Patna,Bihar,East,,9798724745,"90 Feet Road, Patna, Bihar",800020
M/s. Kumhrah Servicing Centre,,Patna,Bihar,East,,9507714428,"Transport Nagar Road, Near DAV School",800026
M/s. Sahil Auto,Persudih Bazar,Jamshedpur,Jharkhand,East,Mr. Alamgir Gaddi,8521662123,"Persudih Bazar, Butru Bagan Church Road 
Post-Tatanagar
Jamshedpur",831002
M/s. Indra Auto & Repairing,Centre Mango.,Jamshedpur,Jharkhand,East,Mr. Indro,9234602302,"Sankosai, No.5, Dimna Road, Mango, Jamshedpur",831012
M/s. Maa Durga Service Centre,"Mango, Dimna Road.",Jamshedpur,Jharkhand,East,,9708602774,"Dimna Road, Mango, Jamshedpur",831012
M/s. Ashok Auto (Chetty),"Tinplate, Baridi.",Jamshedpur,Jharkhand,East,D.V. Chetty,9835176892,"Shop No-3
New Kali Mandir
Tinplate Golmuri
Jamshedpur",831003
M/s. Ashraf Automobile,"Masjid Chowk, Golmuri",Jamshedpur,Jharkhand,East,Ashraf Ali,8987441310,"New Development Area
Near Masjid Chowk Golmuri
Post-Golmuri
Jamshedpur",831003
M/s. Alam Motors,"Rice Market, Golmuri",Jamshedpur,Jharkhand,East,Alam Ansari,9835566049,"Modi Market, Golmuri",831003
Bapi Motor,Chota Gobindpur,Jamshedpur,Jharkhand,East,,9835188719,"Near Chandni Chowk Chhota Govindpur
Post-Chhota Govindpur
Jamshedpur",831015
Suraj Cycle,Baridih Market,Jamshedpur,Jharkhand,East,,9204930773,"Purani line,Baridih Market, Baridhi 
",831017
Unique Car Reparing,Agrico Chowk Signal,Jamshedpur,Jharkhand,East,,9852712860,"Agrico Signal Light
Post-Agrico
Jamshedpur",831009
M/s Jharkhand Garage,Karandih Main Road,Jamshedpur,Jharkhand,East,,9973509698,"Gaintadih, Main Road Karandih
Post- Karandih
Jamshedpur",831002
Star Automobile,Golmuri,Jamshedpur,Jharkhand,East,,8757898686,"Modi Market, Golmuri",831003
Saffique Garage,Golmuri,Jamshedpur,Jharkhand,East,,9835348155,"New Development Area
Near Masjid Chowk
Post -Golmuri
Jamshedpur",831003
Riyaz Garage,Sakchi,Jamshedpur,Jharkhand,East,,9199779955,"117A, New Baradwari, Sakchi
Post- New Baradwari
Jamshedpur",831001
Bablu Garage,Saraikella,Jamshedpur,Jharkhand,East,,9931334648,"Garage Chowk, Saraikela",833219
Automotive Car Care,Mango,Jamshedpur,Jharkhand,East,,9905572030,"Old Purulia Road 
Near Chankyapuri, Mango",831012
Ankita Auto,Behragora,Jamshedpur,Jharkhand,East,,8709169421,"Rajlabandh Main Road, Behragora",832101
Pintu Garage,Mango,Jamshedpur,Jharkhand,East,,9835176200,"Near Awadh Dental College
NH-33, Danga
Post- Baliguma, Mango Jamshedpur",831018
Sai Auto Workshop,"Samantrapur, Near Axis Bank",BHUBANESHWAR,Odisha,East,Hemant Kumar Sahoo,9861464286,"NH-33, Danga",751002
G.J. Motors,"Bhubaneswar, Orissa",Bhubaneswar,Odisha,East,,7504391573,"Post- Baliguma, Mango Jamshedpur",751003
F.M. Auto Service,"N-5/19, IRC Village, Nayapalli",Bhubaneswar,Odisha,East,Fazal Rehman,9853444341,"N-5/19 Irc village, Nayapalli, BBSR,Dist :Khurda, Odisha",751015
Hullas Automobile,"Unit 9 Flat, Anandabazar",Bhubaneswar,Odisha,East,Hulas Kumar Senapoty,9937719334,"Unit-9 Bhoi Nagar,near ananda bazar, BBSR,Dist :Khurda, Odisha",751022
Parida Auto,"Louis Rd., Mahabir Bazar",Bhubaneswar,Odisha,East,Dilip Kumar Parida,9938165782,"Mahavir Bazar ,Samantarapur, BBSR,Dist :- Khurda, Odisha",751002
Sabir Auto Workshop,"NH-6, Near Allahabad Bank",Bhubaneswar,Odisha,East,MD. Sabir,9777034966,"N-6/431,Near Crown hotel ,Nayapalli, BBSR,Dist :Khurda, Odisha",751015
Maa Tarini Workshop,Louis Road,Bhubaneswar,Odisha,East,Jagannath Sahoo,7873522476,"Plot No- 344, Lewis Road,BBSR, Dist :Khurda,Odisha",751014
Baba Biswakarma Automobile Works,SBI Road,Keonjhar,Odisha,East,Ajay Biswakarma,9937881517,"Ward No:-13, House No:- 132,SBI Road, Town Thana Chak, Keonjhar Town, Dist:- Keonjhar, Odisha",
M/S. ABU Auto Centre,Buxibazar,Cuttack,Odisha,East,,9438438573,"Cantonment road, Cuttack Dist Cuttack, Odisha",743001
M/S. KGN Auto,Chhatia,Jajpur,Odisha,East,,9853393149,"At. Chhatia Dist Jajpur, Odisha",754023
M/S. Kulamani Garage,Chandikhole,Jajpur,Odisha,East,,9938464746,"Mahaveer Market Complex, Chandikhole, Dist Jajpur",754296
M/S. Mahaveer Wrokshop,Charampa,Bhadrak,Odisha,East,,9937819837,"At. Charampa, Dist Bhadrak, Odisha",756101
M/S. Rash Engineering,Chandikhole,Jajpur,Odisha,East,,9861131870,"Mahaveer Market Complex, Chandikhole, Dist Jajpur, Odisha",754296
M/s. Anil Auto Workshop,Jajpur Road,Jajpur,Odisha,East,Mr. Anil Agarwal,9237520900,"ByPass Road, Jajpur Road, Dist jajpur, Odisha",755019
TATA Engineering Workshop,Chandikhole,Jajpur,Odisha,East,Mr. Dharani Dhar Maharana,9437119797,"Mahaveer Market Complex, Chandikhole, Dist Jajpur, Odisha",754296
M/S. Sapunu Auto Workshop,Charampa,Bhadrak,Odisha,East,Sk. Safiruddin,7008181248,"At. Charampa, Dist Bhadrak, Odisha",756101
M/S. Jagannath Atuo Garage,Duburi Chowk,Jajpur,Odisha,East,Mr. Himanshu Sekhar Sahoo,9437403933,"At Duburi, Dist Japur",755026
M/S. Maa Auto Garage,Kuakhia,Cuttack,Odisha,East,,9938361140,"At. Rasulpur, Kukhia, Dist Jajpur, Odisha",755009
M/S. Namdev Garage,Chandikhole,Jajpur,Odisha,East,,9668750710,"At. Chandikhole, Dist Jajpur, Odisha",754296
M/S. Baral Tractor Garage,Narsinghpur,Cuttack,Odisha,East,,9938559603,"At. Narsnignpur, Dist Cuttack, Odisha",754032
M/S. Samal Tractor Garage,Manguli,Cuttack,Odisha,East,,9090445351,"At. NH16, Manguli, Dist Cuttack, Odisha",754025
M/S. P. P. MOTORS,,Keonjhar,Odisha,East,,9437206146,"Sailang Chak, Ghasipura, Anandapur, Dist:-Keonjhar, Odisha",758015
M/S. SHAKTI AUTO CARE,Telcoi,Keonjhar,Odisha,East,,9668322292,At/po Telkoi Dist- keonjhar,758019
M/S. Sahoo Auto Parts,Ramchandrapur,Keonjhar,Odisha,East,,9583158864,At/po - Ramchandrapur Dist- Keonjhar,758043
M/S. Nooman Auto Parts,Raisuan,Keonjhar,Odisha,East,,8908803974,At/Po - Raisuan Dist- Keonjhar,758013
M/s. M.B. Auto Workshop,Charampa,Bhadrak,Odisha,East,,9437384965,"At. Charampa, Dist Bahdrak, Odisha",756101
Ganesh Garage,Charampa,Bhadrak,Odisha,East,,9853133621,"At. Charampa, Dist Bahdrak, Odisha",756101
Alli Auto Repairing Workshop,Kuakhia,Jajpur,Odisha,East,,9938607151,"At. Rasulpur, Kukhia, Dist Jajpur, Odisha",755009
Dada Garage,,Jajpur,Odisha,East,,9861194636,"Bank Street Jajpur Road, Dist Jajpur, Odisha",755019
Bharat Motor Garage,Chandikhole,Jajpur,Odisha,East,,9437940486,"At. Chandikhole, Dist Jajpur, Odisha",754296
M/S Maa Tarini Auto Workshop (PCMO),Chandikhole,Jajpur,Odisha,East,,9777116788,"At. Chandikhole, Dist Jajpur, Odisha",754296
M/S HATESWARI ENGINE WORKSHOP (HCV),Chadhaidhara,Jajpur,Odisha,East,,7735076224,"Chadhaidhara Talla Chhak, Dist Jajpur, Odisha",755019
MMD Motor Garage,Chandikhole,Jajpur,Odisha,East,,9861261109,"Mahaveer Market Complex, Chandikhole, Dist Jajpur, Odisha",754296
Bimal Garage,Chandikhole,Jajpur,Odisha,East,,9437250129,"At. Chandikhole, Dist Jajpur, Odisha",754296
M/S. Ma Durga Servicing Centre,Krishnanagar,Agartala,Tripura,East,,9774548221,"BARJALA, AGARTALA, TRIPURA.",799002
M/s Ma Mechanical Works,Moharpur Road,Agartala,Tripura,East,,9856146200,"MOHANPUR ROAD, AGARTALA, TRIPURA.",799012
M/s Ram Thakur Servicing Centre,"Morchumuni, College Road",Agartala,Tripura,East,,9856463897,"MOTHCHOWMOHONI, COLLEGE ROAD, AGARTALA, TRIPURA.",799001
M/S. Standard Automobiles,Ranibazar,Agartala,Tripura,East,,9856241302,"RANIRBAZAR, TRIPURA.",799035
M/s Chowdhury Auto Spares,Udaypur,Agartala,Tripura,East,,9862164105,"CENTRAL ROAD, UDAIPUR, TRIPURA.",799120
M/s Gita Rani Servicing Centre,Jirania,Agartala,Tripura,East,,9774672572,"SANTIHATHI BAZAR, JIRANIA (KHOLA). TRIPURA.",799045
M/s Roy Mechanical Works,Shal Bagan,Agartala,Tripura,East,,9863306607,"SHALBAGAN, AGARTALA, TRIPURA.",799012
M/S. Biswakarma Service Centre,"Madhab Bari, Jirania",Agartala,Tripura,East,,9774888945,"MADHAB BARI, JIRANIA, TRIPURA.",799045
M/S. Avijit Auto Engg. Works,Jirania,Agartala,Tripura,East,,9774213063,"EAST THANA ROAD, AGARTALA, TRIPURA.",799001
M/S. Gita Serving Centre,Bodh Jung nagar Rd.,Agartala,Tripura,East,,9862451154,"BODHJUNGNAGAR ROAD, KHAYERPUR, AGARTALA, TRIPURA.",799008
M/S. Debarati Bike Servicing Centre,Jirania,Agartala,Tripura,East,,9862661627,"NEAR RAIL STATION, JIRANIA. Tripura.",799045
M/S. Laxmi Servicing Centre,Jirania,Agartala,Tripura,East,,9862803001,"BLOCK CHOWMOHANI, JIRANIA, TRIPURA.",799045
M/S. Asha Servicing Centre,Jirania,Agartala,Tripura,East,,9862111229,"SANTIHATHI BAZAR, JIRANIA (KHOLA), TRIPURA.",799045
M/s. Som Bike Servicing Point,Panitanki,Darjeeling,West Bengal,East,Trinath Singha,8967991598,"Panitanki, Panitanki, Darjeeling",734426
M/s. M.G. Automobiles,Panitanki,Darjeeling,West Bengal,East,Bimal Mour,8016001208,"Panitanki, Panitanki, Darjeeling",734426
M/s. Bhai Bhai Auto Works,Salbari,Siliguri,West Bengal,East,Harigopal Mondal,9832623703,"Salbari bazar,Salbari, Darjeeling",734009
M/s. Bipul Motorcycle Works,Iskon Mandir Rd.,Siliguri,West Bengal,East,Bipul Paul,9832337542,"Iskon Mandir road, Siliguri, Darjeeling",734001
BHOWMICK AUTO CENTRE,Mechogram,Midnapore,West Bengal,East,Partha Pratim Bhowmick,9153068440,"Vill- Dakhin Mechogram, P.o- UttarMechogram, P.s- Panskura
Dist-East Midnapur.",721139
NEW A.S. ENTERPRISE,Mechogram,Midnapore,West Bengal,East,Sujit Kandar,9932881187,"Vill- Narayanda,P.o-Narayanda
P.s-Panskura,Dist-East Midnapur.",721152
NIBEDITA AUTO CENTER,Mahishadal,Midnapore,West Bengal,East,MR. NIRUTTAM JANA,9564141873,"Geokhali Rd, Po+P.s-Mahisadal, Dist- Eastmidnapur.
",721628
Suraj Auto,Bonbihari Bose Lane,Howrah,West Bengal,East,Suraj Prasad Gupta,9831417589,"28 BanBihari Bose Rd, 
Near -Jain School.
P.o- Howrah",711101
GLORY AUTOMOBILE,"WEST GHOSH PARA ROAD, Shyamnagar",24 Parganas (N),West Bengal,East,Mukesh Jaiswal,9831422921,"17/1 West Ghosh Para Road, Shyamnagar, West Bengal",743133
Bike Point,Ichapur,24 Parganas (N),West Bengal,East,,9143533176,"410 West Ghosh Para Lane, Ashoknagar, Ichapur",743144
M/S. Auto Works,"Champasari Anchal, NB Rd.",Siliguri,West Bengal,East,,9832590001,"Champasari, Champasari, Darjeeling",734003
M/S. Bike Service Point,"Satgachi, Dum Dum",Kolkata,West Bengal,East,,9051479652,"Panitanki, Panitanki, Darjeeling",734426
Maa Auto Service,"Pursurah, Samanta Eoad",Hooghly,West Bengal,East,Abhijit Samanta,9732094078,"Samanta Road, Pursurah, Hooghly.",712401
Sarada Auto,"Piyasara, Tarakeswar",Hooghly,West Bengal,East,Santulal Ghosh,9434566741,"Piyasara,Ayma paharpur, Hooghly.",712402
Passion World,"Chowk Garia, Kol-94",Kolkata,West Bengal,East,,8336847991,"Mandal Garage More, Nagrakata",735225
M/S. Car World,Mathurapur,24 Parganas (N),West Bengal,East,,9883930164,"Mathurapur, Ichapur, Kalyani Expressway",743127
DIPALI AUTO,Chokgharupota,East Midnapore,West Bengal,East,Sankar Gantait,9733596744,"Vill-Chokgharupota,P.o-Dobandi.
P.s-Tamluk,Dist-EastMidnapur.",721647
Ashirbad Auto Centre,Talchinan,Hooghly,West Bengal,East,Keshab Ghosh,9679745432,"Talchinan, Puinan, Hooghly.",712305
Noor Auto Centre,Boro Tajpur,Hooghly,West Bengal,East,Noor Mohammad Jamadar,9831872517,"Barotajpur, Lalbari, Chanditala, Hooghly.",712306
Kalimata Auto Service,Masat Bazar,Hooghly,West Bengal,East,Naba Kumar Pal,9933741901,"Mosat, Opp- Punjab National Bank, Hooghly",712701
Goutam Maruti Service Station,Bhadrakali,Hooghly,West Bengal,East,Goutam Biswas,9831453650,"203 B.B. Street, Bhadrakali, Hooghly.",712232
Sanjoy Service Centre,Tarkeshwar,Hooghly,West Bengal,East,Sanjoy Khan,9432916409,"Padmapukur, Tarakeswar, Hooghly.",712410
Khan Auto,Haripal,Hooghly,West Bengal,East,Torab Ali Khan,9434562175,"Gajar More, 26 No. Route, Hooghly.",712403
Narayan Motorcycle Service Center,Pani Tanki,Siliguri,West Bengal,East,,9734088268,"Panitanki, Panitanki, Darjeeling",734426
Rahamat Automobile,Bonhooghly,Nalgorahut,West Bengal,East,,9903421694,"Nalgorahat,Opp. Mita TVS, Garia, Kolkata",700103
M/S. Varun Auto Centre,Kakinara,24 Parganas (N),West Bengal,East,,9903012929,"Kakinara, North 24 Parganas",743126
M/s Uttarpara Auto Sales,Uttarpara,Hooghly,West Bengal,East,Joy Chatterjee,9830637499,"22/1 Netaji Subhas Road, Uttarpara, Hooghly.",712258
Sanjay Garage,Tibatti More,Siliguri,West Bengal,East,,9434876838,"Tinbatti More,Asian High way, Jalpaiguri",734005
Niranjan Auto,Banarhat,Jalpaiguri,West Bengal,East,,9733142827,"Opp.Satsang kendra, Banarhut, Jalpaiguri",735202
Ratan Garage,Nagrakata,Siliguri,West Bengal,East,,9932155698,"Mandal Garage More, Nagrakata",735225
