Sl.No,Name of the workshop,Place,City/District,State,Region,Name of the Workshop Owner,Contact Number,Address,Pincode,
1,VISHNU AUTO  WORKS,SIVAKASAI,VIRDHUNAGAR,TAMIL NADU,South,ARUMUGAM,9843982621," MADURAI MAIN ROAD SIVAKASI, ",626123,
2,S.M.T  TWO WHEELER WORKS,SIVAKASAI,VIRDHUNAGAR,TAMIL NADU,South,M.SARAVANAN,9994642539,", OPP BUS STAND, NEAR GANESH THEATRE,SIVAKASI",626123,
3,SIDHICK AUTO WORKS ,PALLAPATTI,KARUR,TAMIL NADU,South,MR.SIDHICK,9003384440,", SHAROP TOWERS, OPP G.H, PALLAPATTI",639205,
4,FRIENDS TWO WHEELER WORKS,PERIYAKULAM,THENI,TAMIL NADU,South,MR.G.MADHAN,8608376181,",VADAKARAI, PERIYAKULAM ",625601,
5,HAKKIM TWO WHEELER WORKS,RAMANATHAPURAM,RAMANATHAPURAM,TAMIL NADU,South,MR.S.HAKKIM,9894260524,"1/1105,FISH MARKET,BHARATHI NAGAR,RAMAND.",623503,
6,SATHYAMAVELLUM SPARES & WORKSHOP,ABRIMAM,RAMANAD,TAMIL NADU,South,MUTHURAMALINGAM,9043404006,"1/83,MADURAIMAIN ROAD,RMS COMPLEX,ABIRAMAM",623601,
7,SRI ANGALA PARAMESWARI AUTO WORKS ,MANACHANALLUR,TRICHY,TAMIL NADU,South,S.MURGESAN,9566828409,"104,THURAIYUR MAIN ROAD,MANACHALLUR,TRICHY",621005,
8,SAKTHI MOHAN AUTO WORKS,SIVAGANGAI,SIVAGANGAI,TAMIL NADU,South,S.RAMAN,9047345198,"121/4, VARASANTHAI ROAD, MANAKUDI, SIVAGANGAI ",630561,
9,M/S ARUL TWO WHEELER WORKS,Y.OTHAKADAI,MADURAI,TAMIL NADU,South,YUSUF,8695901001,"3,PALLIVASAL COMPLEX,Y.OTHAKADAI",625107,
10,JAWAHAR AUTO WORKS,GORIPALAYAM,MADURAI,TAMIL NADU,South,JAWAHAR,9443052364,"33,PATTARAI KARA STREET, GORIPALAYAM,MADURAI.",625002,
11,R.K TWO WHEELER WORKS ,RAMANATHAPURAM,RAMANATHAPURAM,TAMIL NADU,South,R.KANNAN,9443190966,"65/A SICAL  ROAD, OPP WOMEN ARTS COLLEGE",623503,
12,V3 TWO WHEELER MECHANIC WORKS ,TRICHY,TRICHY,TAMIL NADU,South,K.KARTHIKEYAN,7200622984,"7,ANTHONIYARKOVIL STREET,MAARSINGPETTAI,BEEMANAGAR,TRICHY",620001,
13,APK TWO WHEELER WORKS,RAMANATHAPURAM,RAMANATHAPURAM,TAMIL NADU,South,PALANIKUMAR,9597226601,"ABDULKALAM NAGAR, KILAKARAI ROAD, SAKARAKOTTAI, RAMNAD.",623504,
14,GRAND BIKE HOUSE,SIVAKASAI,VIRDHUNAGAR,TAMIL NADU,South,K.R SATHISKUMAR,9790422443,"ALANGULAM MAIN ROAD,MARANERI,SIVAKASI",626124,
15,RAJ TWO WHEELER WORKS,RAMANATHAPURAM,RAMANATHAPURAM,TAMIL NADU,South,N.THANGARAJ,9952448150,"ALANZANKULAM,RAMNAD.",623512,
16,NILA S.R. TWO WHEELER WORKS & WATER SERVICE,THENI,THENI,TAMIL NADU,South,C.CHINNARAJ,9865146840,"ARANAMANAIPUDHUR ,THENI",625531,NEW ADDITION
17,KANNAN AUTO ,NILAKOTTAI,DINDIGUL,TAMIL NADU,South,M.NAVANEDHAKRISHNAN ,9443928050,"BATALAGUNDU MAIN ROAD, NILAKOTTAI ",624208,
18,SRI KASINATHAN TWO  WHEELER WORKS,RAMANATHAPURAM,RAMANATHAPURAM,TAMIL NADU,South,G.KALIDASS,9842670590,"BHARATHI NAGAR,RAMNAD.",623501,
19,SARAVANAN TWO WHEELER WORKS,RAMANATHAPURAM,RAMANATHAPURAM,TAMIL NADU,South,K.SARAVANAN,9894662650,"BHARATHI NAGAR,RAMNAD.",623501,
20,UMA TWO WHEELER WORKS,RAMANATHAPURAM,RAMANATHAPURAM,TAMIL NADU,South,G.DANASEKARAN,9894691559,"BHARATHI NAGAR,RAMNAD.",623501,
21,SRI KAMATCHI  TWO WHEELER WORKS,RAMANATHAPURAM,RAMANATHAPURAM,TAMIL NADU,South,PALANI,9994843294,"BHARATHI NAGAR,RAMNAD.",623503,
22,VAIGAI BIKE WORKS,CHINAMANNUR,THENI,TAMIL NADU,South,M.MOHAMED YASIR ARAFAT ,9842841926,"BHAVANI THEATER, CUMBUM MAIN  ROAD, CHINAMANNUR ",625515,
23,RAHUM TWO WHEELER WORKS,KEELAKARAI,RAMANATHAPURAM,TAMIL NADU,South,MR.S.DHAGAMOIDEEN,9443466661,"CHERAN STREET,KEELAKARAI",623517,
24,KUMAR TWO WHEELER WORKS ,RAMANATHAPURAM,RAMANATHAPURAM,TAMIL NADU,South,M.UDYAKUMAR,9944232202,D BLOCK BUS STOP RAMANATHAPURAM ,623503,
25,M.R. TWO WHEELER WORKS,,DINDIGUL,TAMIL NADU,South,B.MUTHURAMAN ,9965139361,"DINDIGUL MAIN ROAD,BATLAGUNDU",624202,
26, SRI MOOKAMBIKAIA AUTO WORKS ,THURAIYUR,TRICHY,TAMIL NADU,South,MR.S.PRABHU,9150391548,"EAST CAR STREET,PALAKARAI,THURAIYUR ",621010,
27,CHELLADURAI TWO WHEELER AUTO WORKS &  WATER SERVICE,MANALMELKUDI,PUDUKOTTAI,TAMIL NADU,South,S.CHELLADURAI,9578160990,"ECR ROAD OPP SRM PETROL BUNK,MANALMELKUDI",614620,
28,SAKTHI TWO WHEELER WORKS,KEELAKARAI,RAMANATHAPURAM,TAMIL NADU,South,MR.K.SAKTHIVEL,9789395825,"ECR ROAD,KEELAKARAI",623517,
29,MURTHY TWO WHEELER WORKS,RAMANATHAPURAM,RAMANATHAPURAM,TAMIL NADU,South,GAJEDHRAN,9344510657,"ELANGOVADIGAL STREET,RAMNAD.",623501,
30,SENTHIL ANDAVAR TWO WHEELER WORKS,RAMANATHAPURAM,RAMANATHAPURAM,TAMIL NADU,South,K.SENTHILNATHAN,9943432422,"ELEPHANT GATE LINE,NORTH STREET, RAMNAD.",623503,
31,PARIMALAM TWO WHEELER WORKS,RAMANATHAPURAM,RAMANATHAPURAM,TAMIL NADU,South,COORIDASS,9442963984,"ELONGO ADIGAL STREET, RAMNAD",623501,
32,SIVA MOTORS,ALANGUDI,PUDHUKOTTAI,TAMIL NADU,South,MR.SIVA ,9443170681,"JR THEATER COMPLEX,ALANGUDI",622301,
33,MEKALA TWO WHEELER WORKS,DEVAKOTTAI,SIVAGANGAI,TAMIL NADU,South,S.P.SARAVANAN,9698868402,KANDADEVI ROAD DEVAKOTTAI,630032,
34,SRI PALANIANDAVAR AUTO WORKS,THOGAMALAI,KARUR,TAMIL NADU,South,P.VADIVEL,9787822232,"KULITHALAI MAIN ROAD,THOGAMALAI",621313,
35,SETHU TWO WHEELER WORKS,RAMANATHAPURAM,RAMANATHAPURAM,TAMIL NADU,South,MR.N.S.MARIMUTHU,9443020452,"KUMARIYYA KOVIL, MANDAPAM ROAD, VELLAPATTIAM",623504,
36,SARAVANA  MOTORS ,THURAIYUR,TRICHY,TAMIL NADU,South,MR.V.SARAVANAN,9843510546,"MADHURAPURI,MUSIRI PIRIVU ROAD,THURAIYUR ",621010,
37,POTHUMANI TWO WHEELER WORKS,USLIAMPATTI,DINDIGUL,TAMIL NADU,South,MR.R.MURGAN,9942363521,"MADURAI ROAD, USILAMPATTI ",625532,
38,SHB AUTO WORKS,KARUMALAI,TRICHY,TAMIL NADU,South,MR.GOVINDAN,9943200230,"MANAPARAI ROAD,KARUMALAI",621314,
39,NAGANATHAN TWO WHEELER WORKS ,RAMANATHAPURAM,RAMANATHAPURAM,TAMIL NADU,South,S.NAGANATHAN,9788033558,"MARIAMMANKOVIL STREET, RAMANATHAPURAM",623503,
40,NEW BEST  TWO WHEELER,SIVAGANGAI,SIVAGANGAI,TAMIL NADU,South,DEIVENDRAN,9626762556,"MELUR ROAD,SIVAGAGAI",630561,
41,A.R  TWO WHEELER WORKS,RAMANATHAPURAM,RAMANATHAPURAM,TAMIL NADU,South,MR.R.AJAI,9952536551,"NAGAR ,SECOUND STREET,  SAKARAIKOTTAI",623504,
42,PANDIAN TWO WHEELER WORKS,KADALADI,RAMANATHAPURAM,TAMIL NADU,South,MR.P.ALAGUPANDI,9444259349,"NEAR DEVAR MARRIAGE HALL,KADALADI ",623703,
43,PANDIAN TWO WHEELER WORKS,RAMANATHAPURAM,RAMANATHAPURAM,TAMIL NADU,South,MR.P.PANDISWARAN,9843946823,"NEAR DEVAR MARRIAGE HALL,KADALADI, RAMNAD.",623703,
44,SHANMUGA TWO WHEELER WORKS,RAMANATHAPURAM,RAMANATHAPURAM,TAMIL NADU,South,KESAVAN,9894641970,"NEAR ISWARIYA BAKERY,RAMNAD.",623503,
45,A.R  TWO WHEELER WORKS,RAMANATHAPURAM,RAMANATHAPURAM,TAMIL NADU,South,"MR.R.AJAI,",9982536551,"NEHRU NAGAR SECOND STREET,SAKARAKOTTAI,RAMNAD.",623504,
46,M/S MUTHU TWO WHEELER WORKS,SRIVALLIPUTHUR,VIRDHUNAGAR,TAMIL NADU,South,MUTHU,9944415395,"NO 21,AUTHUKADAI STREET,PODIKADAI COMPOUND,SRIVALLIPUTHUR",626125,
47,SUNDAR TWO WHEELER WORKS,RAMANATHAPURAM,RAMANATHAPURAM,TAMIL NADU,South,SUN SUNDARAPANDIYAN,9443189862,"NO:21,OPP.HEAD POST OFFICE ARANMANAI, RAMNAD.",623501,
48,ARUNACHALAM  AUTO  WORKS,SIVAGANGAI,SIVAGANGAI,TAMIL NADU,South,ARUNACHALAM ,9865838315,"NO:303/18,GANDHI VEETHI,RANI RAJALAKSHMI COMPLEX,SIVAGANGAI ",630561,
49,R.K.B.BOMBAY AUTO WORKS,PERAMBALUR,PERAMBALUR,TAMIL NADU,South,C.KARUNAKARAN,9842921992,"NO16 VEKATESAPURAM,PALAKARAI",621212,
50,ASAI MOTORS,KARAIKUDI,SIVAGANGAI,TAMIL NADU,South,P.ASAIKUMAR,9943881514,"NO48/3 KOTTAIUR ROAD, NEARN WATER TANK,KARAIKUDI",630001,
51,KSS TWO WHEELER WORKS,RAMANATHAPURAM,RAMANATHAPURAM,TAMIL NADU,South,MR.M.SENTHIKUMAR,9842096295,"OLD CHECKPOST, PATTINAMKATHAN,RAMNAD.",623503,
52,KAMAL TWO WHEELER WORKS ,RAMESWARAM,RAMANATHAPURAM,TAMIL NADU,South,K.KAMAL,9952802464,"OLD POLICE LINE STREET,RAMESHWARAM.",623526,
53,SAIRAM TWO WHEELER WORKS ,RAMANATHAPURAM,RAMANATHAPURAM,TAMIL NADU,South,R.BALAMURGAN,9443442694,"OM SAKTHI NAGAR, RAMANATHAPURAM ",623503,
54,P.R.G TWO WHEELER WORKS,SAYALKUDI,RAMANATHAPURAM,TAMIL NADU,South,RAJKUMARCAMPUS,9443212042,"OPP DEVAR STATUE, ABKROAD, SAYALKUDI",623120,
55,SWAMY TWO WHEELER  WORKS ,NAGAPATTINAM,NAGAPATTINAM,TAMIL NADU,South,MR.KOILDASS ,9842044979,"OPP EB SUBSTATION,TIRUVARUR ROAD,NAGAPATTINAM",611001,
56,KUMARESAN TWO WHEELER WORKS,SRIVALLIPUTHUR,VIRDHUNAGAR,TAMIL NADU,South,M.KUMARESAN,9994168780,"OPP FIRE SERVICE,MADURAI MAIN ROAD,SRIVILLIPUTHUR, ",626125,
57,RABI TWO WHEELER WORKS,KENIKARAI,RAMANATHAPURAM,TAMIL NADU,South,NAGORSHARIF,9786593430,"OPP GOVT. LADIES COLLEGE,KENIKARAI ROAD, RAMNAD.",623501,
58,PRASAD MOTORCYCLE WORKS,RAMANATHAPURAM,RAMANATHAPURAM,TAMIL NADU,South,VARADARASAN,9443576047,"OPP SIDE BUS STOP, RAMANATHANPURAM",623501,
59,RAMESH TWO WHEELER WORKS,KILAKARAI,RAMANATHAPURAM,TAMIL NADU,South,S.RAMESHKUMAR,9942042341,"OPP.DSP OFFICE,ERVADI ROAD, KILAKARAI, RAMNAD.",623517,
60,RAJ TWO WHEELER WORKS,ALAZANKULAM,RAMANATHAPURAM,TAMIL NADU,South,G.RAJIVGANDHI,9894890456,"OPP.PIONEER HOSPITAL, RAMNAD.",623501,
61,JAYA TWO WHEELER WORKS,ANDIPATTI,MADURAI,TAMIL NADU,South,K.NAGARAJ,9865629514,"P.R.P COMPLEX, MADURAI  MAIN ROAD, OPP OLD FIRE STATION ANDIPATI ",625512,
62,JAYA TWO WHEELER WORKS,ANDIPATTI,MADURAI,TAMIL NADU,South,K.NAGARAJ,9976635579,"P.R.P COMPLEX, MADURAI  MAIN ROAD, OPP OLD FIRE STATION ANDIPATI ",625512,
63,PRASAD TWO WHEELERS,RAMANATHAPURAM,RAMANATHAPURAM,TAMIL NADU,South,G.PRASAD,9442050463,"P.S.V.M BUILDINGS,RAILWAY FEEDER ROAD, RAMNAD",623501,
64,SIVA TWO WHEELER WORKS,THIRUMANGALAM,MADURAI,TAMIL NADU,South,SIVANRAJ,9865477051,"PAYAOLAR NAGAR, RAILWAY FEEDER ROAD , MADURAI.",625706,
65,S.R.S.TWO WHEELER  WORKS,USLIAMPATTI,DINDIGUL,TAMIL NADU,South,MR.R.SIVAMANI,9786179452,"PERAIYUR ROAD,USLAIMPATTI ",625532,
66,S.V.M TWO WHEELER WORKS,PERIYAPATTINAM,RAMANATHAPURAM,TAMIL NADU,South,JAGANATHAN,9787247462,"PERIYAPATTINAM ROAD, RAMANATHAPURAM ",623808,
67,SRI MURGAN AUTO WORKS,RAMANATHAPURAM,RAMANATHAPURAM,TAMIL NADU,South,MR.S.RAMANATHAN,8675420525,"PILLAYAR KOVIL STREET,DEVIPATTINAM",623514,
68,SIVASAKATHI  MOTORS & WATER SERVICES,ARIYALUR,ARIYALUR,TAMIL NADU,South,MR.SANAKAR,9786060203,PONNUSWAMY ARANMANAI STREET ,621704,
69,SRI GURU BIKE WORKS,CHINAMANNUR,THENI,TAMIL NADU,South,P.JOTHIRAJ,9944131398,"PROFESSIONAL COURIER, AGRAHARAM,CHINAMANNUR ",625515,
70,SUNDRAM TWO WHEELER WORKS,RAMANATHAPURAM,RAMANATHAPURAM,TAMIL NADU,South,M.SUNDRAM,9442678377,"RAILWAY FEEDER ROAD,RAMNAD.",623503,
71,VELU TWO WHEELER WORKS,SATHRAKUDI,RAMANATHAPURAM,TAMIL NADU,South,MR.V.GOPAL,9944539001,"RAMESHWARAM ROAD, SATHRAKUDI,RAMNAD.",623527,
72,M.R.S  TWO  WHEELER WORKS,RAMANATHAPURAM,RAMANATHAPURAM,TAMIL NADU,South,MR.R.MARIKANNAN,9789627045,"RATHINAM COMPLEX ,SAIKARA STREET,  VELLAPATTIAM",623504,
73,MURALI TWO WHEELER WORKS,SIVAGANGAI,SIVAGANGAI,TAMIL NADU,South,MURALI,9715947191,"ROAD,LASHMI NAGAR,KAMARAJ COLONY,SIVAGANGAI ",630561,
74,KATHIR TWO WHEELER WORKS,RAMNAD,RAMANATHAPURAM,TAMIL NADU,South,MR.R.KADHIRASAN,9842606950,"ROMAN CHURCH BACKSIDE, RAMNAD.",623501,
75,SKS BIKES CARE ,PUDHUKOTTAI,PUDHUKOTTAI,TAMIL NADU,South,MR.SENTHILKUMAR ,9655566000,"SANTHANADHAPURAM,4TH STREET,PUDHUKKOTAI",622001,
76,NEW SKS BIKES CARE ,PUDHUKOTTAI,PUDHUKOTTAI,TAMIL NADU,South,MR.S.KARTHI,7904334233,"SANTHANADHAPURAM,4TH STREET,PUDHUKKOTAI",622001,
77,MOON TWO WHEELER WORKS,SURANGKOTTAI,RAMANATHAPURAM,TAMIL NADU,South,MR.D.KARUNAMURTHY,9788193726,"SENAVARIYAR KOVIL STREET, NEAR SYED AMMAL HOSPITAL",623501,
78,ARUN TWO WHEELER WORKS,THIRUMANGALAM,MADURAI,TAMIL NADU,South,ARUN,9952499303,"SOLAVANTHAN MAIN ROAD, MADURAI.",625706,
79,KOVAI TWO WHEELER WORKS,THENI,THENI,TAMIL NADU,South,S.VERABADHRAN ,9865213586,"SRI MEENAKASHI SUNDARESWARAR KOVIL, MADURAI MAIN  ROAD,THENI",625531,
80,ARJUN TWO WHEELER WORKS,IRATTAIURANAI,RAMANATHAPURAM,TAMIL NADU,South,ARJUN,9500961132,"THAMARIKULAM,IRATTAIURANI POST, RAMNAD.",623534,
81,SSV BIKE WORKS,ANDIPATTI,MADURAI,TAMIL NADU,South,GANESAN,9585168383,"THENI ROAD,JAKAMPATTI,ANDIPATTI",625512,
82,SRI AMMAN AUTO WORKS,KOSUR,KARUR,TAMIL NADU,South,G.THANGAVEL,9751546749,"THOGAMAILROAD,KOSUR",621313,
83,KANDHAN  TWO WHEELER WORKS,THIRUMANGALAM.,MADURAI,TAMIL NADU,South,K.BALAMURGAN,9976142768,"USLAIMPATTI ROAD, THIRUMANGALAM",625706,
84,SRI BALAMURGAN TWO WHEELER WORKS,SURANGKOTTAI,RAMANATHAPURAM,TAMIL NADU,South,MR.S.MUTHUSARAVANAKUMAR,7871978777,"VANA SANGARI, AMMAN KOVIL STREET ",623501,
85,PRABA TWO WHEELER WORKS ,RAMANATHAPURAM,RAMANATHAPURAM,TAMIL NADU,South,D.PRABAKARAN,9787520349,"VANDIKARA STREET,NEAR BAZZAR POLICE STATION ",623503,
86,MANI TWO WHEELER WORKS ,RAMANATHAPURAM,RAMANATHAPURAM,TAMIL NADU,South,I.JEYAKUMAR,9442677225,"VANI STOP,RAMESHWARAM ROAD, RAMNAD.",623503,
87,JOTHI TWO WHEELER WORKS,TRICHY,TRICHY,TAMIL NADU,South,M.MOHAN,9994560970,VAYALUR ROAD ,620017,
88,SSM SAKARHI TWO WHEELER WORKS,RAMANATHAPURAM,RAMANATHAPURAM,TAMIL NADU,South,SAKTHIYANDHRAN,9626157796,"VELAPATTINAM,BARATHINAGAR,RAMNAD.",623503,
89,OM MURGA  TWO WHEELER WORKS,ANDIPATTI,THENI,TAMIL NADU,South,Y.MURGAN,9842685714,"VELAPPAR KOVIL ROAD,ANDIAPATTI ",625512,
90,SRI RAJ MOTORCYCLE WORKS,ANDIPATTI,THENI,TAMIL NADU,South,J.RAVICHANDRAN,9976635225,"VELAPPAR KOVIL ROAD,ANDIAPATTI ",625512,
91,VENKATESHWARA TWO WHEELER  WORKS,RAMANATHAPURAM,RAMANATHAPURAM,TAMIL NADU,South,G.SUBENDRAN,9942478222,"YANAIKAL VEDHI, NORTH STREET, RAMNAD.",623501,
92,MADHU BIKE POINT,MAHBUBABAD,WARANGAL,TELENGANA,South,ERRA.MADHU,9849391659,MAHBUBBAD,506101,
93,ASHOK BIKE POINT,NARSAMPET,WARANGAL,TELENGANA,South,KOYYADA .ASHOK,9440443208,NARSAMPET,506132,
94,SAMBAIAH BIKE POINT,BHIMARAM,WARANGAL,TELENGANA,South,BAKKI.SAMBAIAH,9908419297,BHIMARAM,506015,
95,RAJU BIKE POINT,NARSAMPET,WARANGAL,TELENGANA,South,KOLAGANI.RAJENDER,9989213813,NARSAMPET,506132,
96,KRISHNA BIKE POINT,MAHBUBABAD,WARANGAL,TELENGANA,South,PAGINDLA .KRISHNA,9705032037,MAHBUBBAD,506101,
97,RR BIKE POINT,NARSAMPET,WARANGAL,TELENGANA,South,RAMESH,9494282999,NARSAMPET,506132,
98,SATISH BIKE POINT,PASRA,WARANGAL,TELENGANA,South,EDUNURI.SATISH,9492116072,PASRA,506347,
99,ALI BIKE POINT,HANAMKONDA,WARANGAL,TELENGANA,South,MD.HASAN ALI,9963720769,ALANKAR,506001,
100,MADHU BIKE POINT,NARSAMPET,WARANGAL,TELENGANA,South,SOUDHARAPU.MADHU,9440107229,NARSAMPET,506132,
101,RAJU BIKE POINT,GIRNIBAI,WARANGAL,TELENGANA,South,BUDIME.RAJU,9949360438,GIRNIBAI,506331,
102,RR BIKE POINT,NARSAMPET,WARANGAL,TELENGANA,South,P.SANTOSH,9494130377,NARSAMPET,506132,
103,SRI VENKATESWRA ANJI BIKE MECHANICAL WORKS,CHIMAKURTHY,PRAKASAM,ANDHRA PRADESH,South,MELAM ANJANEYULU,9951583370,"ADDANKI ROAD,CHIMAKURTHY",523226,
104,CHAN BASHA BIKE MECHANICAL WORKS,CHIMAKURTHY,PRAKASAM,ANDHRA PRADESH,South,SHAIK CHAN BASHA,8686791973,"NEAR SBI,CHIMAKURTHY",523226,
105,BISMILLAH BIKE MECHANICAL WORKS, DACHEPALLI,GUNTUR,ANDHRA PRADESH,South,SHAIK SUBANI,9885364893,"NEAR HIGH WAY BRIDGE,DACHEPALLI",522414,
106,M/S NAWAZ AUTO WORKS,BITTERGUNTA,NELLORE DIST,ANDHRA PRADESH,South,NAWAZ,7799193687,"NEAR RAILWAY GATE,BRUNDAVAN COLONY,BOGOLU,BITTRAGUNTA",524142,
107,M/S SRI RAJESH AUTO WORKS,KALUVAI,NELLORE DIST,ANDHRA PRADESH,South,RAJESH,9493733711,"OPP.MESEVA,NEAR GOPAL REDDY HOSPITAL,MAIN ROAD,KALUVAI",524343,
108,M/S ANWAR AUTO WORKS,NELLORE ,NELLORE DIST,ANDHRA PRADESH,South,ANWAR,8686791973,"B.V.NAGER,MINI BYPASS,NELLORE",524004,
109,G.K AUTO WORKS,GUDUR,NELLORE DIST,ANDHRA PRADESH,South,SK KHAJAVALLI,9493100458,"COURT CENTRE, POSTAL COLONY,GUDUR",524101,
110,RIYAZ AUTO WORKS,GUDUR,NELLORE DIST,ANDHRA PRADESH,South,SK RIYAZ,9885364893,"NEAR HP PETROL BUNK,MAINROAD, GUDUR",524101,
111,NAGENDRA MOTORS,NARAPALA,ANANTHAPUR,ANDHRA PRADESH,South,NAGENDRA,9642886822,"NEAR OLD BRIDGE,GUGUR ROAD.NARAPALA",515425,
112,JAGADEESH AUTO WORKS,TADEPALLIGUDEM,WEST GODAVARI,ANDHRA PRADESH,South,CHAPISETTY JAGADEESH,7729928773,"OPP.BSNL OFFICE , RAILWAY STATION ROAD ",534101,
113,ANAND AUTO WORKS,TADEPALLIGUDEM,WEST GODAVARI,ANDHRA PRADESH,South,GUMMALLA ANAND,9866296849,"OPP.BSNL OFFICE , RAILWAY STATION ROAD ",534101,
114,SAI LAKSHMI MECHANIC WORKS,TUNI,EAST GODAVARI,ANDHRA PRADESH,South,KORUPROLU SRINU,9848484904,"NEAR RAILWAY STATION, MUNICIPAL COMPLEX, SHOP.NO.1",533401,
115,SRI DURGA AUTO WORKS,VISAKHAPATNAM,VISAKHAPATNAM,ANDHRA PRADESH,South,D.MALLIKARJUNA RAO,9885847713,"DOOR NO.38-22-28/2 , 104 AREA, OPP. MES OFFICE",530007,
116,SURESH BYKE POINT,VIZIANAGARAM,VIZIANAGARAM,ANDHRA PRADESH,South,RALI SURYA SURESH,9949721678,"NEAR CITY STAND , KRISHNA SAI COMPLEX,G-9/1 ",535002,
117,VIJAYA DURGA BYKE MECHANIC WORKS,VIZIANAGARAM,VIZIANAGARAM,ANDHRA PRADESH,South,B.RAMBABU,8125182824,"PARK GATE JUNCTION , NEAR ADHITHYA THEATRE",535002,
118,SRI SYAMALAMMA THALLI BIKE MECHANICAL WORKS,VIZIANAGARAM,VIZIANAGARAM,ANDHRA PRADESH,South,YELLAJI,9985115069,"PHOOL BAGH ROAD, SHOP NO.23 , BESIDE BAJAJ SHOWROOM",535002,
119,SHAIK JANI BIKE WORKS,VIZIANAGARAM,VIZIANAGARAM,ANDHRA PRADESH,South,SK. JANI,9701648988,NEAR RANJANI THEATRE,535002,
120,RAJA SEKHAR BIKE SERVICING CENTRE,SRIKAKULAM,SRIKAKULAM,ANDHRA PRADESH,South,CHALLA RAJASEKHAR,8074754185,"SANAVEEDHI, OPP.MADHAV MOTORS,",532001,
121,PRAKASH BIKE WORKS,NARSIPATNAM,VISAKHAPATNAM,ANDHRA PRADESH,South,PRAKASH,9640124141,"NEAR RELIANCE PETROL PUMP, SIVA COMPLEX",534101,
122,KAIZAN AUTO,,BELGAUM,KARNATAKA,South,MR. SARFARAZ,9686907748,FLAT NO 1 DOUBLE ROAD VEERABHDRESHWAR NAGAR NEAR DSP OFFICE ,590001,
123,MURUTHY SERVICE CENTER,PAVGADA,TUMKUR,KARNATAKA,South,MR. DIVAKAR SHETTY,9731331211,"OPP K S R T C BUSSTAND, NEAR SBM, PAVGADA",561202,
124,LAXMI AUTO WORKS,,TUMKUR,KARNATAKA,South,,9731287321,"OPP K S R T C BUSSTAND, NEAR SBM, PAVGADA",561202,
125,SRI GURU AUTO WORKS,JAMKHANDI,BAGALKOT,KARNATAKA,South,GURU,9972714018,VIJAYAPURA ROAD ,587301,
126,SALEEM AUTO WORKS,VIJAYPUR,VIJAYPUR,KARNATAKA,South,SALEEM,9341610108,OPP GOVT POLYITINIC,586108,
127,PERFECT AUTO WORKS,NARAYANPURA,VIJAYPUR,KARNATAKA,South,SUBHAS,9449143086,NEAR BUSTAND  TQ MUDDEBHAL TQ,,
128,KARGIL AUTO WORKS,MUDDEBIHAL,VIJAYPUR,KARNATAKA,South,LADSAB KAMBAR,9449626405,NEAR BUS STAND VIJIYAPURA RAOD,586212,
129,BAGALI MOTORS,VIJAYPUR,VIJAYPUR,KARNATAKA,South,MUDAKAPPA,9448440456,OPP CHOUDHRY HOSPITAL ,586108,
130,MADEENA 2 WHEELER WORKS,CHIKBALLAPURA,GAURIBIDANUR,KARNATAKA,South,AREEF,8867998774,BANGALORE ROAD CHIKKABALLAPUR,562101,
131,FRIENDS AUTO WORKS,CHIKBALLAPURA,GAURIBIDANUR,KARNATAKA,South,SHRIDHAR,9916611168,SHIDLAGHATTA ROAD OPP DC OFFICE  CHIKKABALLAPUR,562101,
132,SANDESH SERVICE CENTRE,VIJAYPUR,VIJAYPUR,KARNATAKA,South,RAMESH,9886537043,BLDE ROAD,586108,
133,RAFEEQ AUTO WORKS,VIJAYPUR,VIJAYPUR,KARNATAKA,South,RAFEEQ,9972784686,ANATHAPUR COMPLEX INDI ROAD,586108,
134,BABU AUTO WORKS,MANDYA,MANDYA,KARNATAKA,South,ILYAS PASHA,9448643391,"100 FEET ROAD, MANDYA",571401,
135,ACTIVEA MOTORS,MANDYA,MANDYA,KARNATAKA,South,MAHAMMED YUNIS,9972282126,"100 FEET ROAD, MANDYA",571401,
136,SRI SAI ENTERPRISES,MANDYA,MANDYA,KARNATAKA,South,AVINASH,9743192545,"MAIN ROAD, BUKANAKERE. K R PET TQ",571401,
137,SWATHI MOTOR SERVICE,HULIYAR,TUMKUR,KARNATAKA,South,SHASHI,9980542639,B H ROAD HULIYAR,572218,
138,SRI VINAYAKA MOTORS,CHIKNAYAKANAHALLI,TUMKUR,KARNATAKA,South,CHANDRASHEKAR,8971008711,"SHETTIKERE CIRCLE, CHIKKANAYAKANA HALLI",572214,
139,MADEENA SCOOTER WORKS,HULIYAR,TUMKUR,KARNATAKA,South,MEHABOOB,9901252848,"KANAKA CIRCLE, B H ROAD HULIYAR",572218,
140,FAZIL MOTORS,NOVINKERE,TUMKUR,KARNATAKA,South,FAZIL,9449109610,"Y T ROAD, NONAVINAKERE",572224,
141,VODESALAMMA BIKE WORKS,NOVINKERE,TUMKUR,KARNATAKA,South,VIJAY,7349023269,"Y T ROAD, NONAVINAKERE",572224,
142,MEGHA MOTORS,TURUVEKERE,TUMKUR,KARNATAKA,South,MANJUNATHA,9480709509,"Y.T ROAD, TURUVEKERE",572227,
143,A S MOTORS,TURUVEKERE,TUMKUR,KARNATAKA,South,BABU,9844347894,"Y T ROAD, TURUVEKERE",572227,
144,ROHIT MOTORS,TURUVEKERE,TUMKUR,KARNATAKA,South,NAGARAJU,9742885717,NEAR K S R T C BUSSTAND  TURUVEKERE,572227,
145,HMS BYKE POINT,CHIKKABALLAPUR,KOLAR,KARNATAKA,South,MR.SIDDIQ,9980852854,GOWRIBIDANUR ROAD OPP H P PETROL  BUNK,562101,
146,SAI SREE MOTORS,MALUR,KOLAR,KARNATAKA,South,MR.KUMAR,9964608123,MAIN ROAD MALUR,563130,
147,MARUTHI ENTERPRISES,DODDABALLAPUR,KOLAR,KARNATAKA,South,MR.NANDA KUMAR,9591515141,ELEPETE D CROSS ROAD  DODDABALLAPUR,561203,
148,FRIENDS GARAGE,DODDABALLAPUR,KOLAR,KARNATAKA,South,MR.CHAND,9739793212,DODDABALLAPUR MAIN ROAD D CROSS,561203,
149,BABU BIKE WORKS,NANDAGUDI,KOLAR,KARNATAKA,South,MR.SALEEM,9901832732,NANDAGUDI,562122,
150,SSP BIKE POINT,TEKAL,KOLAR,KARNATAKA,South,MR.SUBRAMANI,9902542056,HULADENAHALLI MAIN ROAD TEKAL,563137,
151,AYYAPPA MOTORS,VEMGAL,KOLAR,KARNATAKA,South,MR.ANAND KUMAR,9972261660,VEMGAL TOWN,563102,
152,CHOWDESHWARI MOTORS,BETAMANGALA,KOLAR,KARNATAKA,South,MR.MANJUNATHA,9880358500,BETAMANGALA,563116,
153,APPU AUTO SERVICE,YARAGATTI,BELGAUM,KARNATAKA,South,NINGAPPA,9448789601,BAGALKOT ROAD NEAR BUS STAND YARAGATTI TQ GOKAK DIST BELGUM,591129,
154,AMBIKA AUTO WORKS,VIJAYAPUR ROAD,INDI,KARNATAKA,South,KIRAN KELEKAR ( 2 BENCHES),9980971910,NEAR SBI BANK INDI DIST VIJAYAPURA,586209,
155,SOMESHWARA AUTOMOBILES,TALIKOTE ROAD,H.HIPPARAGI,KARNATAKA,South,SOMANGOUDA,9901437980,NEAR BUS STAND  ,586208,
156,AKBAR AUTO WORKS,SINDAGI ROAD,D.HIPPARAGI,KARNATAKA,South,AKBAR KORTI,9448895536,MORE HANNAMANTHARAYANA CRICLE  SINDAGI ROAD,586115,
157,SUBHAM AUTO GARAGE,VIJAYAPUR ROAD,ATHANI,KARNATAKA,South,JAGADISH BAKARI,9900765557,OPP HP PETROL BUNCH VIJAYAPURA ROAD,591304,
158,SAI SERVICE CENTRE,BLDEA ROAD,VIJAYAPUR,KARNATAKA,South,MEHABOOB,9902812494,NEAR CORT BLDE ROAD,586103,
159,BALAMARUTI SERVICE CENTRE,BLDEA ROAD,VIJAYAPUR,KARNATAKA,South,MANJUNATH,9880357404,NAGUR COLLAGE BLDE ROAD SANJAY HOSING COLONEY ,586103,
160,NDF MOTORS,LOKAPUR ROAD,MUDHOL,KARNATAKA,South,NOORALLI NADAF,8088822201,MALLANAGUR CRICLE LOKAPUR ROAD ,587313,
161,LAXMI AUTO WORKS,VIJAYAPUR ROAD,SINDAGI,KARNATAKA,South,VEERESH BAGALKOTE,9844862225,VIJAYAPUR ROAD  SNDAGI DIST VIJAYAPUR,586128,
162,SANDESH SERVICE CENTRE,VIJAYAPUR ROAD,JAMAKHANDI,KARNATAKA,South,RAMESH CHOUDHARY,9663474800,VIJAYAPUR ROAD  JAMAKHANDI DIST VIJAYAPUR,587301,
163,SRI SAI SERVICE CENTRE,ASHRAM ROAD,VIJAYAPUR,KARNATAKA,South,MALLIKARJUN,8884328418,ASHRAM ROAD OPP YES BANK  ,586101,
164,BABU BIKEPOINT&SERVICE STATION,MM HILLS ROAD,HANNUR,KARNATAKA,South,SHABEER,9740596999,"M M HILLS ROAD, NEAR B P PETROL BUNK, HANUR",571439,
165,S Z AUTO WORKS,VAPASANDRA,CHIKKABALLAPUR,KARNATAKA,South,MOINUDEEN,9008105570,B B ROAD VAPASANDRA,562101,
166,UDAY MOTORS,MULBAGAL,KOLAR,KARNATAKA,South,VENKATESH,9902265494,VIJAYA BANK OPP CHAIN MAIN ROAD MULBAGAL,563131,
167,SAINATH AUTOMOBILES,VEMGAL,KOLAR,KARNATAKA,South,MANJUNATH,8971738234,VEMGAL TOWN,563102,
168,K G N AUTO WORKS,YEDANAD,TUMKUR,KARNATAKA,South,NAYAZ,9740694466,"HOSADURGA ROAD, YELANAD,",572218,
169,MINI MOTORS,KALLUR,TUMKUR,KARNATAKA,South,SALEEM,9902714164,"KALUUR CROSS, TURUVEKERE TALUKA",572220,
170,G M BIKE POINT,TURVEKERE,TUMKUR,KARNATAKA,South,MANJUNATH,9740960380,"MAYASANDRA ROAD, TURUVEKERE",572227,
171,SURESH AUTO WORKS,TURVEKERE,TUMKUR,KARNATAKA,South,SURESH,9964361684,"DABBEGATTA ROAD, TURUVEKERE",572227,
172,ARCHANA MOTORS,"HOODI, SHANTINAGAR",BANGALORE,KARNATAKA,South,P HARISHA,9448502108,"H A BASHIREDDY LAYOUT, NEAR HOODI ROAD, KODEGENAHALLI , BANGALORE",560048,
173,SRI MALLIKARJUNA SERVICE CENTRE,HUVINA HADAGALI,BELLARY,KARNATAKA,South,RAGHAVENDRA,9916566749,OPP ANAND TALKIES ,583219,
174,H.M.H SERVICE CENTRE,KOPPAL,KOPPAL,KARNATAKA,South,MAULA HUSSAIN,9902713545,"NH 63,OPP TO TALKAL BUS STAND",583238,
175,SRI SRINIVASA SERVICE CENTRE,KUSTHAGI,KOPPAL,KARNATAKA,South,RAMA,9663191079,"NEAR RENUKACHARYA KALYANA MANTAPA,NEXT TO EICHER TRACTORS",583277,
176,ELAHI SERVICE CENTRE,KUSTHAGI,KOPPAL,KARNATAKA,South,MAULA HUSSAIN,9845349507,"KANAKADASA CIRCLE,NEAR GOVT HOSPITAL",583277,
177,MUTTAL AGENCIES,SIDDAPUR,KOPPAL,KARNATAKA,South,RAFIQUE,9901771457,NEAR BUS STAND,584128,
178,SRI SAI MOTORS,VEMAGAL,KOLAR,KARNATAKA,South,UMESH,9880180150,VEMGAL TOWN,563102,
179,SRI CHOWDESHWARI MOTORS,MALUR,KOLAR,KARNATAKA,South,MANJUNATH.M,9449676531,CMS COMPLEX KOLAR ROAD MALUR,563130,
180,SRI CHENNARI SERVICE CENTRE,GOWRIBIDANUR,CHIKBALLAPUR,KARNATAKA,South,ANIL,7204840624,M G ROAD  NEAR K E B MANCHENAHALLI,561208,
181,GANESH MOTORS,TUMKUR,TUMKUR,KARNATAKA,South,NATARAJ,9448769845,"BANASHANKARI CIRCLE, TUMKUR",572129,
182,K.S.S. MOTORS,TUMKUR,TUMKUR,KARNATAKA,South,GHOUSE,9686334836,"BANASHANKARI CIRCLE, TUMKUR",572129,
183,AMEEN AUTO WORKS,MYSORE,MYSORE,KARNATAKA,South,MOHAMMED AZEEZ,9945797868,MYSORE ROAD GADDIGE,571189,
184,ANNAPOORNA AUTO WORKS,PERIYAPATNA,MYSORE,KARNATAKA,South,LOKESH,8050312008,"B M ROAD, PERIYAPATNA",571107,
185, NARMADA AUTO WORKS,CHALLAKERE,CHITRADURGA,KARNATAKA,South,MADAN,8880806509,BANGALORE ROAD CHELLAKERE,577522,
186,"SRI MANJUNATHASWAMI AUTO WORKS,",CHALLAKERE,CHITRADURGA,KARNATAKA,South,B. ANJANAPPA,6361927385,PAVAGAD ROAD CHELLAKERE,577522,
187,G S. AUTO GARAGE,CHALLAKERE,CHITRADURGA,KARNATAKA,South,UMAR FARUQ,9740344757,PAVAGAD ROAD CHELLAKERE,577522,
188,"DADAPEER AUTO WORKS,",CHALLAKERE,CHITRADURGA,KARNATAKA,South,DADAPEER,8147617814,BANGALORE ROAD BEHIND BUS STAND CHELLAKERE,577522,
189, PRASAD AUTO CENTRE,MOLAKALMURU ,CHITRADURGA,KARNATAKA,South,PRASAD,9482859512,BIJIKERE ROAD,577535,
190,MANJU SERVICE CENTRE,MOLAKALMURU ,CHITRADURGA,KARNATAKA,South,MANJUNATH N,9886210214,BIJIKERE ROAD,577535,
191,INDIAN GARAGE BIKE WORKSHOP,SALIGRAMA,MYSORE,KARNATAKA,South,ATHIK PASHA,9986518876,"HOLENARASIPURA ROAD, SALIGRAMA",571604,
192,BIKE CARE,SALIGRAMA,MYSORE,KARNATAKA,South,NEMAN,7090107865,"HOLENARASIPURA ROAD, SALIGRAMA",571604,
193,AWDHOOT AUTO GARAGE,GAJENDRAGAD,GADAG ,KARNATAKA,South,ASHOK,9986788597,OPP BUS STAND ROAD GAJENDRAGAD DIST GADAG,582114,
194,PRAGATHI MOTORS,SHIDLAGHATTA,CHIKBALLAPUR,KARNATAKA,South,NARASIMHA MURTHY,9880322989,DIBBURALLI BYPASS ROAD SHIDLAGHATTA,562105,
195,VIGNESHWARA BULLET STATION,JAYANAGAR,BANGALORE,KARNATAKA,South,P NARAYANA RAO,9980754186,"NO.64, 8TH MAIN, 9TH CROSS, MARKET SQUARE, OPP BBMP 2ND BLOCK, JAYANAGAR, BANGALORE",560011,
196,HIND MOTORS,RAJANKUNTE,BANGALORE,KARNATAKA,South,MUHEEN PASH,9620540304,"SHOP NO.185, SURVEY NO.19, HONNENAHALLI, SINGANAYAKANAHALLI, YELAHANKA, BANGALORE",560064,
197,HINDUSTHAN AUTO DIESEL WORKS,TORANAGAL,BALLARI,KARNATAKA,South,JALALUDDIN,9900674244,BALLARI MAIN ROAD TORONAGALU VILLAGE,583123,
198,SRIDEVI TRACTOR GARAGE,KARATAGI,KOPPAL,KARNATAKA,South,AYAPPA,9611564470,NEAR POLICE STATION KARTAGI,583229,
199,SRI SAI TRACTOR GARAGE,BALLARI,BALLARI,KARNATAKA,South,NAGARAJ,9740677227,ANATHPURA ROAD OPP TATA MOTORS SHOWROOM,583102,
200,SHYAMALA TRACTOR GARAGE,BALLARI,KOPPAL,KARNATAKA,South,VEERA REDDY,8050429486,ANANATHPUR ROAD BEHIND BASAVA RAJESHWARI SCHOOL,583102,
201,DADA TRACTOR GARAGE,KARATAGI,KOPPAL,KARNATAKA,South,AHMED,9449689192,GANGAVATHISINDHANUR MAIN ROAD,583229,
202,NAZEER TRACTOR GARAGE,KARATAGI,BALLARI,KARNATAKA,South,NAZEER,9945942746,J.P.NAGAR KARTAGI,583229,
203,KHAJA TRACTOR GARAGE,BALLARI,BALLARI,KARNATAKA,South,KHAJA MOHINUDDIN,9448840947,VISHALNAGAR NEAR M.G.PETROL BUNK,583101,
204,VENUGOPALA TRACTOR GARAGE,MOLAKALMURU,CHITRADURGA,KARNATAKA,South,VENUGOPAL,7483064430,NEAR AGICULTURE OFFICE,577535,
205,ABHI DIESEL WORKS ,HITTNAL CROSS,KOPPAL,KARNATAKA,South,SRINIVAS,9008977189,NEAR TOLLGATE ,583234,
206,SRI SAI DIESEL AUTO WORKS,LINGAPUR,KOPPAL,KARNATAKA,South,R ANAND,9663419360,NH 50 HOSALINGAPURA NEAR BUSSTAND ,583233,
207,"BROTHERS BIKE CARE,",HIRIYUR,DAVANGERE,KARNATAKA,South,JOTH SINGH,9742034053,BASAVESHWAR BUILDING OPP RESIDENCY LODGE HIRIYUR,572143,
208,TVS AUTOWORKS,SHIMOGA,SHIMOGA,KARNATAKA,South,MANJUNATH,9449150007,"B.H. ROAD, NEAR SHANKAR MUTT, SHIMOGA",577201,
209,SRI RAMA MOBIKE,BAVIKERE,CHIKMANGALUR,KARNATAKA,South,RAVI,9972382149,"OPP. BUS STAND, BAVIKERE, TARIKERE TALUK",577144,
210,SHANKAR AUTOWORKS,BHADRAVATHI,SHIMOGA,KARNATAKA,South,SELVAM,9980339801,"OSM ROAD, BHADRAVATHI.",577301,
211,KUMAR AUTOWORKS,BHADRAVATHI,SHIMOGA,KARNATAKA,South,KUMAR,9008876603,"OPP. JAYASHREE TALKIES, JANAPURA, BHADRAVATHI",577301,
212,LIMRA AUTOWORKS,BHADRAVATHI,SHIMOGA,KARNATAKA,South,MUNNA,8147983931,"NEAR KSRTC DEPOT., NEW BRIDGE ROAD, BHADRAVATHI.",577301,
213,CRAZY BIKES,KADUR,CHIKMANGALUR,KARNATAKA,South,SOMU,9845705575,"NEAR CHECK POST CIRCLE, BH ROAD, KADUR.",577548,
214,MARUTHI BIKE POINT,KADUR,CHIKMANGALUR,KARNATAKA,South,KRISHNA MURTHY,9901888703,"SARASWATIPURA POST, CHIKMANGALUR ROAD, KADUR TALUK.",577548,
215,SHAIN MOTORS,KADUR,CHIKMANGALUR,KARNATAKA,South,JABEER,9880253717,"TB ROAD, KADUR.",577548,
216,KGN AUTOWORKS,LINGADAHALLI,CHIKMANGALUR,KARNATAKA,South,APSAR,9880632216,"OUT GATE CIRCLE, CHIKMANGALUR ROAD, LINGADAHALLI. TARIKERE TALUK.",577129,
217,R.K BIKE CENTRE,AVADI,THIRUVALLUR,TAMIL NADU,South,KODANDAM,9841122556,AVADI,600054,
218,S.M BIKE CARE,AVADI,THIRUVALLUR,TAMIL NADU,South,JAGADEESAN,9789869686,AVADI,600054,
219,MANI AUTO WORKS,AYYAPAKAM,THIRUVALLUR,TAMIL NADU,South,MURUGAN,9710782799,AYAPAKKAM,600077,
220,ALEEF AUTO CARE,PUDUPET,CHENNAI,TAMIL NADU,South,ALEEF,9884166672,PUDUPET,600002,
221,SRI VINAYAKA TWO WHEELER WORKS,"NO.38,POL NARAYANAN STREET, ",CHIDAMBARAM,TAMIL NADU,South,J.GOPU,9443538734,"NO.38,POL NARAYANAN STREET, ,CHIDAMBARAM",608001,
222,MUTHU AUTO WORKS,"NO.11/3,VANUVAR STREET,PARANKIPET,",CHIDAMBARAM,TAMIL NADU,South,MUTHU,9994857067,"NO.11/3,VANUVAR STREET,PARANKIPET,,CHIDAMBARAM",608001,
223,SRI SARAVANA AUTO GARAGE,"NO.9/31, ANNA SALAI",TIRUVANNAMALAI,TAMIL NADU,South,R.SARAVANAN,9443096439,"NO.9/31, ANNA SALAI,TIRUVANNAMALAI",606601,
224,KAMATCHIAMMAN AUTO WORKS,"CHIDAMBARAM MAIN ROAD,CNC COMPLEX",VIRUDHACHALAM,TAMIL NADU,South,MOHAN,9943430548,"CHIDAMBARAM MAIN ROAD,CNC COMPLEX,VIRUDHACHALAM",606001,
225,RAGHAVENDRA MOTORS,"NO.2, PUBLIC OFFICE ROAD",NAGAPPATINAM,TAMIL NADU,South,SATYAKUMAR MANIKANDAN,8508506862,"NO.2 , NEAR MOSQUE , KARAIKAL ROAD, NAGAPATTINAM",611001,
226,GUNA MOTORS,"NO.36, RAJAJI STREET",TINDIVANAM,TAMIL NADU,South,S.GUNASEKARAN,9344891453,"NO.36, RAJAJI STREET,TINDIVANAM",604001,
227,SRI AYYAPAN AUTOMOBILES,SEETHANCHERRI,TIRUVALLUR,TAMIL NADU,South,TULASI,9444670299,SEETHANCHERRI,602026,
228,MANSOOR AUTOWORKS,UTHUKOTAI,TIRUVALLUR,TAMIL NADU,South,MANSOOR,9985053401,UTHUKOTAI,602026,
229,MURUGAN AUTO WORKS,POONAMALLE,TIRUVALLUR,TAMIL NADU,South,MURUGAN,9940443787,POONAMALLE,600056,
230,KANAGA SUNDARAM AUTO WORKS,POONAMALLE,TIRUVALLUR,TAMIL NADU,South,KANAGA SUNDARAM,9941361100,POONAMALLE,600056,
231,"THE MECHANIC, TARAMANI",TARAMANI,CHENNAI,TAMIL NADU,South,VIVEK,8870882989,TARAMANI,600020,
232,"VIVEK AUTO WORK, TARAMANI",TARAMANI,CHENNAI,TAMIL NADU,South,VIVEK,8220390679,TARAMANI,600020,
233,VPL AUTO WORKS,SELAYUR,CHENNAI,TAMIL NADU,South,PURUSHOTHAMAN,9940307272,SELAYUR,600046,
234,SRI VENKATESWARA TWO WHEELER SERVICE,VEPAMBATTU,TIRUVALLUR,TAMIL NADU,South,RAMESH,9789178722,VEPAMBATTU,602024,
235,TEAM KESHAVA,TIRUMULAIVOYAL,TIRUVALLUR,TAMIL NADU,South,ELANGOVAN,9791044265,TIRUMULAIVOYAL,600062,
236,PRAKASH AUTOMOBILE,TIRUVERKADU,TIRUVALLUR,TAMIL NADU,South,PRAKASH,8838081296,TIRUVERKADU,600077,
237,ARK AUTO MOBILES,GUDUVANCHERRY,KANCHEEPURAM,TAMIL NADU,South,SUBRAMANI,9952044275,GUDUVANCHERRY,603202,
238,SRI AIYANARAPPAN TWO WHEELER WORKS,PANRUTI,CUDDALORE,TAMIL NADU,South,VEERABATHIRAN.K,8012345684,"L.N. PURAM , CHENNAI SALAI, PANRUTI",607106,
239,SRI AMMAN AUTO WORKS,MUTHIRAYARPALAYAM,PONDICHERRY,TAMIL NADU,South,VENKATESAN.P,9543846409,"VAZHUDAVUR ROAD, NEAR PONDY BAR , METTUPALAYAM",605009,
240, LUCKY AUTO WORKS,CHIDAMBARAM,CUDDALORE,TAMIL NADU,South,THIRUGNANAM.P,9443241172,"NO: 42/A, 130 MANNAR KUDI STREET, CHIDAMBARAM",608001,
241,ANNAI MARRY TWO WHEELER WORKS,METUPALAYAM,PONDICHERRY,TAMIL NADU,South,CHARLES DURAI,9600291848,"NO:5, METTUPALAYAM BY PASS, KALAM KATHTHA KARUMARI AMMAN KOIL OPP, METTUPALAYAM, PONDY",605009,
242, GUNA  AUTO GARAGE ,TIRUVANAMALAI,TIRUVANAMALAI,TAMIL NADU,South,ARUNACHALAM.T,9445669547,"NO:8, THENMATHATHI STREET, THIRUVANNAMALAI- 606 601",606601,
243,A.R AUTO WORKS,CHIDAMBARAM,CUDDALORE,TAMIL NADU,South,ARUN KUMAR.V,9842399611,"NO:2/1, PERIYANAYAGIYAR STREET, CHIDAMBARAM ",608001,
244,VIGNESHWAR AUTO WORKS,VIRUDACHALAM,CUDDALORE,TAMIL NADU,South,UDHAYAKUMAR.S,9842384920,"OPP TO PERIYAR DEPOT, JUNCTION ROAD, VIRUTHACHALAM",606001,
245,SRI LAKSHMI AUTO WORKS,AVADI,CHENNAI,TAMIL NADU,South,SEKHAR,9176261999,AVADI,600054,
246,SKL AUTOMOBILES,AVADI,CHENNAI,TAMIL NADU,South,LOGU,9952914811,AVADI,600054,
247,ANAND AUTO WORKS,PATTABIRAM,CHENNAI,TAMIL NADU,South,ANAND,9176553444,CHENGALPATTU,601203,
248,ARUNA MOTORS,MINJUR,CHENNAI,TAMIL NADU,South,RAMESH,7358363366,AVADI,603001,
249,JANA AUTOMOBILES,CHENGALPATTU,CHENNAI,TAMIL NADU,South,JANA ,9894681496,PATTABIRAM,600054,
250,ANCHANEYA AUTO WORKS,AVADI,CHENNAI,TAMIL NADU,South,GOPAI,8870339256,PATTABIRAM,600055,
251,JAYANTHI AUTO WORK,PATTABIRAM,CHENNAI,TAMIL NADU,South,RAVI,9283166850,PATTABIRAM,600055,
252,ALK AUTO WORKS,PATTABIRAM,CHENNAI,TAMIL NADU,South,KUMAR,9962345585,PATTABIRAM,600055,
253,TIRUMALAI AUTO WORKS,PATTABIRAM,CHENNAI,TAMIL NADU,South,MAGESH.K,9841977870,PATTABIRAM,600055,
254,GANESH AUTO WORKS,PATTABIRAM,CHENNAI,TAMIL NADU,South,GANESH,9940533698,PATTABIRAM,600055,
255,KM AUTO WORKS,PATTABIRAM,CHENNAI,TAMIL NADU,South,MAGESH.R,9841554271,PATTABIRAM,600055,
256,RAVI BIKES SERVICE,PATTABIRAM,CHENNAI,TAMIL NADU,South,RAVI,9444235356,PATTABIRAM,600055,
257,AMBIYIL TWO WHEELER,KOTTARAKARA,KOLLAM,KERALA,South,AJU,9446852697,"ADOOR ROAD, PULAMON P.O., KOTTARAKARA, KOLLAM DIST.",691531,
258,GRACE TWO WHEELER,KARUVANCHAL,KANNUR,KERALA,South,MANOJ,9496594555,"NEW BUS STAND, KARUVANCHAL, KARUVANCHAL P.O., KANNUR DIST.",670571,
259,SHEEBA TWO WHEELERS,MUKKAM,CALICUT,KERALA,South,SANTHOSH KUMAR,9946338058,"MPC BUILDING, AGASTHYAMUZHI, MUKKAM, CALICUT DIST.",673602,
260,PRIME MOTORS,ALUVA,ERNAKULAM,KERALA,South,BIJU,9447458389,"NH 544, MUTTOM P.O, ALUVA, ERNAKULAM DIST.",683503,
261,MR.TWO WHEELER,KONDOTTY,MALAPPURAM,KERALA,South,GOWRI SANKHAR,7907984712,"MANJERI ROAD, THURAKKAL, KONDOTTY, MALAPPURAM DIST.",673632,
262,BROTHERS AUTO GARAGE,PERINTHALMANNA,MALAPPURAM,KERALA,South,MUHAMMED IRSHAD,9847735686,"OOTY ROAD, MANATHUMANGALAM , PERINTHALMANNA P.O., MALAPPURAM DIST.",679322,
263,ANOOP AUTO GARAGE,PATTIKKAD,THRISSUR,KERALA,South,ANOOP,9388557681,"OLD NH ROAD, NEAR PANCHAYATH OFFICE, PATTIKKAD P.O., THRISSUR DIST.",680652,
264,FRIENDS THREE WHEELER GARAGE,KARUVARAKUNDU,MALAPPURAM,KERALA,South,RAMESH,7034575399,"KALIKAVU ROAD , KARUVARAKUNDU, MALAPPURAM DIST.",676523,
265,K V K AUTO GARAGE,WADAKKANCHERY,THRISSUR,KERALA,South,UMMER,9846760512,"NEAR PVT BUSTAND, WADAKKANCHERRY P.O.,  THRISSUR DIST.",680582,
266,INDIAN AUTO GARAGE,CHUNGATHARA,MALAPPURAM,KERALA,South,BINU,9447948278,"EDAKARA ROAD,CHUNGATHARA, MAMPOYIL, MALAPPURAM DIST.",679334,
267,SHILPA AUTO GARAGE,POOKOTTUMPADAM,MALAPPURAM,KERALA,South,SANTHOSH KUMAR,9446243688,"NILMBUR ROAD, POOKTTUPADAM, MALAPPURAM DIST.",679332,
268,4X4 MARUTI WORK SHOP,POOKOTTUMPADAM,MALAPPURAM,KERALA,South,SHIBU,8156845694,"NILMBUR ROAD, POOKTTUPADAM, MALAPPURAM DIST.",679332,
269,SREE AKSHAY MOTORS,PATTIKKAD,THRISSUR,KERALA,South,PRAJEESH,9656731161,"NEAR PEECHI JUNCTION, PATTIKKAD P.O., THRISSUR DIST.",680652,
270,Vishnu Auto  works,Sivakasai,Virdhunagar,Tamil Nadu,South,ARUMUGAM,9843982621," Madurai main road Sivakasi, ",626123,
271,S.M.T  Two Wheeler Works,Sivakasai,Virdhunagar,Tamil Nadu,South,M.SARAVANAN,9994642539,", Opp Bus Stand, near Ganesh theatre,Sivakasi",626123,
272,Sidhick Auto Works ,Pallapatti,Karur,Tamil Nadu,South,Mr.Sidhick,9003384440,", Sharop Towers, Opp G.H, Pallapatti",639205,
273,Friends Two Wheeler Works,Periyakulam,Theni,Tamil Nadu,South,Mr.G.Madhan,8608376181,",Vadakarai, Periyakulam ",625601,
274,Hakkim Two Wheeler works,Ramanathapuram,Ramanathapuram,Tamil Nadu,South,Mr.S.Hakkim,9894260524,"1/1105,Fish market,Bharathi Nagar,Ramand.",623503,
275,Sathyamavellum Spares & Workshop,Abrimam,Ramanad,Tamil Nadu,South,Muthuramalingam,9043404006,"1/83,Maduraimain road,RMS Complex,Abiramam",623601,
276,Sri Angala Parameswari Auto works ,Manachanallur,Trichy,Tamil Nadu,South,S.Murgesan,9566828409,"104,Thuraiyur main road,Manachallur,Trichy",621005,
277,Sakthi Mohan Auto Works,Sivagangai,sivagangai,Tamil Nadu,South,S.Raman,9047345198,"121/4, Varasanthai Road, Manakudi, Sivagangai ",630561,
278,M/s Arul Two Wheeler Works,Y.Othakadai,Madurai,Tamil Nadu,South,Yusuf,8695901001,"3,Pallivasal Complex,Y.Othakadai",625107,
279,Jawahar Auto Works,Goripalayam,Madurai,Tamil Nadu,South,Jawahar,9443052364,"33,Pattarai kara street, goripalayam,Madurai.",625002,
280,R.K Two Wheeler works ,Ramanathapuram,Ramanathapuram,Tamil Nadu,South,R.Kannan,9443190966,"65/A Sical  road, opp Women Arts college",623503,
281,V3 Two Wheeler Mechanic Works ,Trichy,Trichy,Tamil Nadu,South,K.Karthikeyan,7200622984,"7,Anthoniyarkovil street,Maarsingpettai,Beemanagar,Trichy",620001,
282,APK Two Wheeler Works,Ramanathapuram,Ramanathapuram,Tamil Nadu,South,Palanikumar,9597226601,"Abdulkalam nagar, kilakarai road, Sakarakottai, Ramnad.",623504,
283,Grand Bike House,Sivakasai,Virdhunagar,Tamil Nadu,South,K.R SATHISKUMAR,9790422443,"Alangulam main road,Maraneri,Sivakasi",626124,
284,Raj Two wheeler works,Ramanathapuram,Ramanathapuram,Tamil Nadu,South,N.Thangaraj,9952448150,"Alanzankulam,Ramnad.",623512,
285,Nila S.R. Two Wheeler works & Water Service,Theni,Theni,Tamil Nadu,South,C.Chinnaraj,9865146840,"Aranamanaipudhur ,Theni",625531,
286,Kannan Auto ,Nilakottai,Dindigul,Tamil Nadu,South,M.Navanedhakrishnan ,9443928050,"Batalagundu Main road, Nilakottai ",624208,
287,Sri Kasinathan Two  wheeler Works,Ramanathapuram,Ramanathapuram,Tamil Nadu,South,G.Kalidass,9842670590,"Bharathi Nagar,Ramnad.",623501,
288,Saravanan Two Wheeler Works,Ramanathapuram,Ramanathapuram,Tamil Nadu,South,K.Saravanan,9894662650,"Bharathi Nagar,Ramnad.",623501,
289,Uma Two Wheeler works,Ramanathapuram,Ramanathapuram,Tamil Nadu,South,G.Danasekaran,9894691559,"Bharathi Nagar,Ramnad.",623501,
290,Sri Kamatchi  Two Wheeler Works,Ramanathapuram,Ramanathapuram,Tamil Nadu,South,Palani,9994843294,"Bharathi Nagar,Ramnad.",623503,
291,Vaigai Bike Works,Chinamannur,Theni,Tamil Nadu,South,M.Mohamed Yasir arafat ,9842841926,"Bhavani Theater, Cumbum main  road, Chinamannur ",625515,
292,Rahum Two Wheeler works,Keelakarai,Ramanathapuram,Tamil Nadu,South,Mr.S.Dhagamoideen,9443466661,"Cheran street,Keelakarai",623517,
293,Kumar Two Wheeler works ,Ramanathapuram,Ramanathapuram,Tamil Nadu,South,M.Udyakumar,9944232202,D Block Bus stop Ramanathapuram ,623503,
294,M.R. Two Wheeler works,,Dindigul,Tamil Nadu,South,B.Muthuraman ,9965139361,"Dindigul main road,Batlagundu",624202,
295, Sri Mookambikaia Auto works ,Thuraiyur,Trichy,Tamil Nadu,South,Mr.S.Prabhu,9150391548,"East car Street,Palakarai,Thuraiyur ",621010,
296,Chelladurai Two Wheeler Auto works &  water service,Manalmelkudi,Pudukottai,Tamil Nadu,South,S.Chelladurai,9578160990,"ECR Road Opp SRM Petrol bunk,Manalmelkudi",614620,
297,Sakthi Two wheeler works,Keelakarai,Ramanathapuram,Tamil Nadu,South,Mr.K.Sakthivel,9789395825,"ECR Road,Keelakarai",623517,
298,Murthy Two Wheeler Works,Ramanathapuram,Ramanathapuram,Tamil Nadu,South,Gajedhran,9344510657,"Elangovadigal street,Ramnad.",623501,
299,Senthil andavar Two Wheeler works,Ramanathapuram,Ramanathapuram,Tamil Nadu,South,K.Senthilnathan,9943432422,"Elephant gate line,North street, Ramnad.",623503,
300,Parimalam Two Wheeler Works,Ramanathapuram,Ramanathapuram,Tamil Nadu,South,Cooridass,9442963984,"Elongo Adigal street, Ramnad",623501,
301,Siva Motors,Alangudi,Pudhukottai,Tamil Nadu,South,Mr.Siva ,9443170681,"JR Theater complex,Alangudi",622301,
302,Mekala Two Wheeler works,Devakottai,Sivagangai,Tamil Nadu,South,S.P.Saravanan,9698868402,Kandadevi road Devakottai,630032,
303,Sri Palaniandavar Auto works,Thogamalai,Karur,Tamil Nadu,South,P.Vadivel,9787822232,"Kulithalai main road,Thogamalai",621313,
304,Sethu Two wheeler works,Ramanathapuram,Ramanathapuram,Tamil Nadu,South,Mr.N.S.Marimuthu,9443020452,"kumariyya kovil, Mandapam road, Vellapattiam",623504,
305,Saravana  Motors ,Thuraiyur,Trichy,Tamil Nadu,South,Mr.V.Saravanan,9843510546,"Madhurapuri,Musiri Pirivu Road,Thuraiyur ",621010,
306,Pothumani Two Wheeler Works,Usliampatti,Dindigul,Tamil Nadu,South,Mr.R.Murgan,9942363521,"Madurai road, Usilampatti ",625532,
307,SHB Auto Works,Karumalai,Trichy,Tamil Nadu,South,Mr.Govindan,9943200230,"Manaparai road,Karumalai",621314,
308,Naganathan Two Wheeler works ,Ramanathapuram,Ramanathapuram,Tamil Nadu,South,S.Naganathan,9788033558,"Mariammankovil street, Ramanathapuram",623503,
309,New Best  Two Wheeler,Sivagangai,Sivagangai,Tamil Nadu,South,Deivendran,9626762556,"Melur road,Sivagagai",630561,
310,A.R  Two Wheeler Works,Ramanathapuram,Ramanathapuram,Tamil Nadu,South,Mr.R.Ajai,9952536551,"Nagar ,Secound street,  Sakaraikottai",623504,
311,Pandian Two Wheeler works,Kadaladi,Ramanathapuram,Tamil Nadu,South,Mr.P.Alagupandi,9444259349,"Near Devar marriage hall,Kadaladi ",623703,
312,Pandian Two Wheeler works,Ramanathapuram,Ramanathapuram,Tamil Nadu,South,Mr.P.Pandiswaran,9843946823,"Near Devar marriage hall,Kadaladi, Ramnad.",623703,
313,Shanmuga Two Wheeler Works,Ramanathapuram,Ramanathapuram,Tamil Nadu,South,Kesavan,9894641970,"Near Iswariya bakery,Ramnad.",623503,
314,A.R  Two Wheeler Works,Ramanathapuram,Ramanathapuram,Tamil Nadu,South,"Mr.R.Ajai,",9982536551,"Nehru nagar second street,sakarakottai,Ramnad.",623504,
315,M/s Muthu Two Wheeler Works,Srivalliputhur,Virdhunagar,Tamil Nadu,South,Muthu,9944415395,"No 21,Authukadai Street,Podikadai compound,Srivalliputhur",626125,
316,Sundar Two Wheeler Works,Ramanathapuram,Ramanathapuram,Tamil Nadu,South,Sun Sundarapandiyan,9443189862,"No:21,Opp.Head post office Aranmanai, Ramnad.",623501,
317,Arunachalam  Auto  works,Sivagangai,Sivagangai,Tamil Nadu,South,Arunachalam ,9865838315,"No:303/18,Gandhi veethi,Rani rajalakshmi complex,Sivagangai ",630561,
318,R.K.B.Bombay Auto Works,Perambalur,Perambalur,Tamil Nadu,South,C.Karunakaran,9842921992,"No16 vekatesapuram,Palakarai",621212,
319,Asai Motors,Karaikudi,Sivagangai,Tamil Nadu,South,P.Asaikumar,9943881514,"No48/3 Kottaiur road, Nearn Water tank,Karaikudi",630001,
320,KSS Two Wheeler works,Ramanathapuram,Ramanathapuram,Tamil Nadu,South,Mr.M.Senthikumar,9842096295,"Old Checkpost, Pattinamkathan,Ramnad.",623503,
321,Kamal Two Wheeler works ,Rameswaram,Ramanathapuram,Tamil Nadu,South,K.Kamal,9952802464,"Old police line Street,Rameshwaram.",623526,
322,Sairam Two Wheeler works ,Ramanathapuram,Ramanathapuram,Tamil Nadu,South,R.Balamurgan,9443442694,"Om sakthi Nagar, Ramanathapuram ",623503,
323,P.R.G Two Wheeler Works,Sayalkudi,Ramanathapuram,Tamil Nadu,South,Rajkumarcampus,9443212042,"Opp Devar statue, ABKroad, Sayalkudi",623120,
324,Swamy Two Wheeler  Works ,Nagapattinam,Nagapattinam,Tamil Nadu,South,Mr.Koildass ,9842044979,"Opp EB substation,Tiruvarur road,Nagapattinam",611001,
325,Kumaresan Two Wheeler Works,Srivalliputhur,Virdhunagar,Tamil Nadu,South,M.KUMARESAN,9994168780,"opp Fire service,Madurai main road,Srivilliputhur, ",626125,
326,Rabi Two Wheeler Works,Kenikarai,Ramanathapuram,Tamil Nadu,South,Nagorsharif,9786593430,"Opp Govt. Ladies college,kenikarai road, Ramnad.",623501,
327,Prasad Motorcycle Works,Ramanathapuram,Ramanathapuram,Tamil Nadu,South,Varadarasan,9443576047,"opp side bus stop, Ramanathanpuram",623501,
328,Ramesh Two wheeler works,Kilakarai,Ramanathapuram,Tamil Nadu,South,S.Rameshkumar,9942042341,"Opp.DSP office,Ervadi road, kilakarai, Ramnad.",623517,
329,Raj Two wheeler works,Alazankulam,Ramanathapuram,Tamil Nadu,South,G.Rajivgandhi,9894890456,"Opp.Pioneer hospital, Ramnad.",623501,
330,Jaya Two wheeler works,Andipatti,Madurai,Tamil Nadu,South,K.Nagaraj,9865629514,"P.R.P complex, Madurai  Main road, Opp old fire station Andipati ",625512,
331,Jaya Two wheeler works,Andipatti,Madurai,Tamil Nadu,South,K.Nagaraj,9976635579,"P.R.P complex, Madurai  Main road, Opp old fire station Andipati ",625512,
332,Prasad Two Wheelers,Ramanathapuram,Ramanathapuram,Tamil Nadu,South,G.Prasad,9442050463,"P.S.V.M Buildings,railway feeder road, Ramnad",623501,
333,Siva Two Wheeler works,Thirumangalam,Madurai,Tamil Nadu,South,Sivanraj,9865477051,"Payaolar nagar, railway feeder road , Madurai.",625706,
334,S.R.S.Two Wheeler  works,Usliampatti,Dindigul,Tamil Nadu,South,Mr.R.sivamani,9786179452,"Peraiyur Road,Uslaimpatti ",625532,
335,S.V.M Two Wheeler Works,Periyapattinam,Ramanathapuram,Tamil Nadu,South,Jaganathan,9787247462,"Periyapattinam road, Ramanathapuram ",623808,
336,Sri Murgan Auto works,Ramanathapuram,Ramanathapuram,Tamil Nadu,South,Mr.S.Ramanathan,8675420525,"Pillayar kovil street,Devipattinam",623514,
337,Sivasakathi  Motors & Water Services,Ariyalur,Ariyalur,Tamil Nadu,South,Mr.Sanakar,9786060203,Ponnuswamy Aranmanai Street ,621704,
338,Sri Guru Bike Works,Chinamannur,Theni,Tamil Nadu,South,P.Jothiraj,9944131398,"Professional Courier, Agraharam,Chinamannur ",625515,
339,Sundram Two Wheeler works,Ramanathapuram,Ramanathapuram,Tamil Nadu,South,M.Sundram,9442678377,"Railway feeder road,Ramnad.",623503,
340,Velu Two Wheeler works,Sathrakudi,Ramanathapuram,Tamil Nadu,South,Mr.V.Gopal,9944539001,"Rameshwaram road, sathrakudi,Ramnad.",623527,
341,M.R.S  Two  wheeler Works,Ramanathapuram,Ramanathapuram,Tamil Nadu,South,Mr.R.Marikannan,9789627045,"Rathinam complex ,Saikara street,  Vellapattiam",623504,
342,Murali Two wheeler works,Sivagangai,Sivagangai,Tamil Nadu,South,MURALI,9715947191,"Road,Lashmi nagar,Kamaraj colony,Sivagangai ",630561,
343,Kathir Two Wheeler works,Ramnad,Ramanathapuram,Tamil Nadu,South,Mr.R.Kadhirasan,9842606950,"Roman church Backside, Ramnad.",623501,
344,SKS Bikes Care ,Pudhukottai,Pudhukottai,Tamil Nadu,South,Mr.Senthilkumar ,9655566000,"Santhanadhapuram,4th street,Pudhukkotai",622001,
345,New SKS Bikes Care ,Pudhukottai,Pudhukottai,Tamil Nadu,South,Mr.S.Karthi,7904334233,"Santhanadhapuram,4th street,Pudhukkotai",622001,
346,Moon Two Wheeler Works,Surangkottai,Ramanathapuram,Tamil Nadu,South,Mr.D.Karunamurthy,9788193726,"Senavariyar kovil street, near Syed Ammal hospital",623501,
347,Arun Two Wheeler Works,Thirumangalam,Madurai,Tamil Nadu,South,Arun,9952499303,"Solavanthan main road, Madurai.",625706,
348,Kovai Two Wheeler works,Theni,Theni,Tamil Nadu,South,S.Verabadhran ,9865213586,"Sri meenakashi sundareswarar kovil, Madurai main  road,Theni",625531,
349,Arjun Two Wheeler Works,Irattaiuranai,Ramanathapuram,Tamil Nadu,South,Arjun,9500961132,"Thamarikulam,Irattaiurani post, Ramnad.",623534,
350,SSV Bike Works,Andipatti,Madurai,Tamil Nadu,South,Ganesan,9585168383,"Theni road,jakampatti,Andipatti",625512,
351,Sri Amman Auto works,Kosur,Karur,Tamil Nadu,South,G.Thangavel,9751546749,"Thogamailroad,Kosur",621313,
352,Kandhan  Two wheeler works,Thirumangalam.,Madurai,Tamil Nadu,South,K.Balamurgan,9976142768,"Uslaimpatti road, Thirumangalam",625706,
353,Sri Balamurgan Two Wheeler works,surangkottai,Ramanathapuram,Tamil Nadu,South,Mr.S.Muthusaravanakumar,7871978777,"Vana sangari, amman kovil street ",623501,
354,Praba Two Wheeler works ,Ramanathapuram,Ramanathapuram,Tamil Nadu,South,D.Prabakaran,9787520349,"Vandikara Street,near Bazzar police station ",623503,
355,Mani Two Wheeler works ,Ramanathapuram,Ramanathapuram,Tamil Nadu,South,I.Jeyakumar,9442677225,"Vani stop,Rameshwaram Road, Ramnad.",623503,
356,Jothi Two wheeler works,Trichy,Trichy,Tamil Nadu,South,M.Mohan,9994560970,Vayalur Road ,620017,
357,SSM Sakarhi Two Wheeler Works,Ramanathapuram,Ramanathapuram,Tamil Nadu,South,Sakthiyandhran,9626157796,"Velapattinam,Barathinagar,Ramnad.",623503,
358,OM Murga  Two wheeler works,Andipatti,Theni,Tamil Nadu,South,Y.Murgan,9842685714,"Velappar kovil road,Andiapatti ",625512,
359,SRI RAJ Motorcycle works,Andipatti,Theni,Tamil Nadu,South,J.Ravichandran,9976635225,"Velappar kovil road,Andiapatti ",625512,
360,Venkateshwara Two Wheeler  Works,Ramanathapuram,Ramanathapuram,Tamil Nadu,South,G.Subendran,9942478222,"Yanaikal vedhi, North street, Ramnad.",623501,
361,R.K bike Centre,Avadi,Thiruvallur,Tamil Nadu,South,Kodandam,9841122556,Avadi,600054,
362,S.M bike care,Avadi,Thiruvallur,Tamil Nadu,South,Jagadeesan,9789869686,Avadi,600054,
363,Mani Auto Works,Ayyapakam,Thiruvallur,Tamil Nadu,South,Murugan,9710782799,Ayapakkam,600077,
364,Aleef Auto Care,Pudupet,Chennai,Tamil Nadu,South,Aleef,9884166672,Pudupet,600002,
365,SRI VINAYAKA TWO WHEELER WORKS,"NO.38,POL NARAYANAN STREET, ",CHIDAMBARAM,Tamil Nadu,South,J.Gopu,9443538734,"NO.38,POL NARAYANAN STREET, ,CHIDAMBARAM",608001,
366,MUTHU AUTO WORKS,"NO.11/3,VANUVAR STREET,PARANKIPET,",CHIDAMBARAM,Tamil Nadu,South,Muthu,9994857067,"NO.11/3,VANUVAR STREET,PARANKIPET,,CHIDAMBARAM",608001,
367,SRI SARAVANA AUTO GARAGE,"NO.9/31, ANNA SALAI",TIRUVANNAMALAI,Tamil Nadu,South,R.saravanan,9443096439,"NO.9/31, ANNA SALAI,TIRUVANNAMALAI",606601,
368,KAMATCHIAMMAN AUTO WORKS,"CHIDAMBARAM MAIN ROAD,CNC COMPLEX",VIRUDHACHALAM,Tamil Nadu,South,Mohan,9943430548,"CHIDAMBARAM MAIN ROAD,CNC COMPLEX,VIRUDHACHALAM",606001,
369,RAGHAVENDRA MOTORS,"NO.2, PUBLIC OFFICE ROAD",NAGAPPATINAM,Tamil Nadu,South,Satyakumar Manikandan,8508506862,"No.2 , Near Mosque , Karaikal Road, Nagapattinam",611001,
370,GUNA MOTORS,"NO.36, RAJAJI STREET",TINDIVANAM,Tamil Nadu,South,S.Gunasekaran,9344891453,"NO.36, RAJAJI STREET,TINDIVANAM",604001,
371,Sri Ayyapan Automobiles,Seethancherri,Tiruvallur,Tamil Nadu,South,Tulasi,9444670299,Seethancherri,602026,
372,mansoor autoworks,Uthukotai,Tiruvallur,Tamil Nadu,South,Mansoor,9985053401,Uthukotai,602026,
373,Murugan auto works,Poonamalle,Tiruvallur,Tamil Nadu,South,Murugan,9940443787,Poonamalle,600056,
374,kanaga sundaram auto works,Poonamalle,Tiruvallur,Tamil Nadu,South,kanaga sundaram,9941361100,Poonamalle,600056,
375,"The Mechanic, Taramani",Taramani,Chennai,Tamil Nadu,South,Vivek,8870882989,Taramani,600020,
376,"Vivek Auto Work, Taramani",Taramani,Chennai,Tamil Nadu,South,Vivek,8220390679,Taramani,600020,
377,VPL Auto Works,Selayur,Chennai,Tamil Nadu,South,Purushothaman,9940307272,Selayur,600046,
378,Sri Venkateswara two wheeler service,Vepambattu,Tiruvallur,Tamil Nadu,South,Ramesh,9789178722,Vepambattu,602024,
379,Team Keshava,Tirumulaivoyal,Tiruvallur,Tamil Nadu,South,Elangovan,9791044265,Tirumulaivoyal,600062,
380,prakash automobile,Tiruverkadu,Tiruvallur,Tamil Nadu,South,Prakash,8838081296,Tiruverkadu,600077,
381,ARk Auto Mobiles,Guduvancherry,Kancheepuram,Tamil Nadu,South,Subramani,9952044275,Guduvancherry,603202,
382,Sri Aiyanarappan two wheeler works,panruti,cuddalore,Tamil Nadu,South,Veerabathiran.k,8012345684,"L.N. PURAM , CHENNAI SALAI, PANRUTI",607106,
383,Sri Amman Auto Works,Muthirayarpalayam,Pondicherry,Tamil Nadu,South,Venkatesan.P,9543846409,"VAZHUDAVUR ROAD, NEAR PONDY BAR , METTUPALAYAM",605009,
384, Lucky Auto Works,CHIDAMBARAM,cuddalore,Tamil Nadu,South,Thirugnanam.P,9443241172,"NO: 42/A, 130 MANNAR KUDI STREET, CHIDAMBARAM",608001,
385,Annai Marry Two Wheeler Works,Metupalayam,Pondicherry,Tamil Nadu,South,Charles Durai,9600291848,"NO:5, METTUPALAYAM BY PASS, KALAM KATHTHA KARUMARI AMMAN KOIL OPP, METTUPALAYAM, PONDY",605009,
386, Guna  Auto Garage ,Tiruvanamalai,Tiruvanamalai,Tamil Nadu,South,Arunachalam.T,9445669547,"NO:8, THENMATHATHI STREET, THIRUVANNAMALAI- 606 601",606601,
387,A.R Auto Works,Chidambaram,cuddalore,Tamil Nadu,South,Arun Kumar.V,9842399611,"NO:2/1, PERIYANAYAGIYAR STREET, CHIDAMBARAM ",608001,
388,Vigneshwar Auto Works,Virudachalam,cuddalore,Tamil Nadu,South,UdhayaKumar.S,9842384920,"OPP TO PERIYAR DEPOT, JUNCTION ROAD, VIRUTHACHALAM",606001,
389,Sri Lakshmi auto Works,Avadi,Chennai,Tamil Nadu,South,Sekhar,9176261999,Avadi,600054,
390,SKL Automobiles,Avadi,Chennai,Tamil Nadu,South,Logu,9952914811,Avadi,600054,
391,Anand Auto Works,Pattabiram,Chennai,Tamil Nadu,South,Anand,9176553444,Chengalpattu,601203,
392,Aruna Motors,Minjur,Chennai,Tamil Nadu,South,Ramesh,7358363366,Avadi,603001,
393,Jana Automobiles,Chengalpattu,Chennai,Tamil Nadu,South,Jana ,9894681496,Pattabiram,600054,
394,Anchaneya Auto Works,Avadi,Chennai,Tamil Nadu,South,Gopai,8870339256,Pattabiram,600055,
395,Jayanthi Auto Work,Pattabiram,Chennai,Tamil Nadu,South,Ravi,9283166850,Pattabiram,600055,
396,ALK Auto Works,Pattabiram,Chennai,Tamil Nadu,South,Kumar,9962345585,Pattabiram,600055,
397,Tirumalai Auto Works,Pattabiram,Chennai,Tamil Nadu,South,Magesh.K,9841977870,Pattabiram,600055,
398,Ganesh Auto Works,Pattabiram,Chennai,Tamil Nadu,South,Ganesh,9940533698,Pattabiram,600055,
399,KM Auto Works,Pattabiram,Chennai,Tamil Nadu,South,Magesh.R,9841554271,Pattabiram,600055,
400,Ravi Bikes Service,Pattabiram,Chennai,Tamil Nadu,South,Ravi,9444235356,Pattabiram,600055,
401,SRI VENKATESWRA ANJI BIKE MECHANICAL WORKS,CHIMAKURTHY,PRAKASAM,ANDHRA PRADESH,South,MELAM ANJANEYULU,9951583370,"ADDANKI ROAD,CHIMAKURTHY",523226,
402,CHAN BASHA BIKE MECHANICAL WORKS,CHIMAKURTHY,PRAKASAM,ANDHRA PRADESH,South,SHAIK CHAN BASHA,8686791973,"NEAR SBI,CHIMAKURTHY",523226,
403,BISMILLAH BIKE MECHANICAL WORKS, DACHEPALLI,GUNTUR,ANDHRA PRADESH,South,SHAIK SUBANI,9885364893,"NEAR HIGH WAY BRIDGE,DACHEPALLI",522414,
404,M/s NAWAZ AUTO WORKS,BITTERGUNTA,NELLORE DIST,ANDHRA PRADESH,South,NAWAZ,7799193687,"Near railway gate,brundavan colony,bogolu,Bittragunta",524142,
405,M/s SRI RAJESH AUTO WORKS,KALUVAI,NELLORE DIST,ANDHRA PRADESH,South,RAJESH,9493733711,"opp.meseva,near gopal reddy hospital,main road,kaluvai",524343,
406,M/s ANWAR AUTO WORKS,NELLORE ,NELLORE DIST,ANDHRA PRADESH,South,ANWAR,8686791973,"B.V.NAGER,mini bypass,nellore",524004,
407,G.K AUTO WORKS,GUDUR,NELLORE DIST,ANDHRA PRADESH,South,SK KHAJAVALLI,9493100458,"court centre, postal colony,gudur",524101,
408,RIYAZ AUTO WORKS,GUDUR,NELLORE DIST,ANDHRA PRADESH,South,SK RIYAZ,9885364893,"Near hp petrol bunk,mainroad, gudur",524101,
409,NAGENDRA MOTORS,NARAPALA,ANANTHAPUR,ANDHRA PRADESH,South,NAGENDRA,9642886822,"near old bridge,gugur road.narapala",515425,
410,Jagadeesh Auto Works,Tadepalligudem,West Godavari,ANDHRA PRADESH,South,CHAPISETTY JAGADEESH,7729928773,"Opp.Bsnl office , Railway Station Road ",534101,
411,Anand Auto Works,Tadepalligudem,West Godavari,ANDHRA PRADESH,South,GUMMALLA ANAND,9866296849,"Opp.Bsnl office , Railway Station Road ",534101,
412,Sai Lakshmi Mechanic Works,Tuni,East Godavari,ANDHRA PRADESH,South,KORUPROLU SRINU,9848484904,"Near Railway station, municipal complex, shop.no.1",533401,
413,Sri Durga Auto Works,Visakhapatnam,Visakhapatnam,ANDHRA PRADESH,South,D.MALLIKARJUNA RAO,9885847713,"Door no.38-22-28/2 , 104 Area, Opp. MES office",530007,
414,Suresh Byke Point,Vizianagaram,Vizianagaram,ANDHRA PRADESH,South,RALI SURYA SURESH,9949721678,"Near city stand , krishna sai complex,G-9/1 ",535002,
415,Vijaya Durga Byke Mechanic Works,Vizianagaram,Vizianagaram,ANDHRA PRADESH,South,B.RAMBABU,8125182824,"Park Gate junction , Near Adhithya theatre",535002,
416,Sri Syamalamma Thalli Bike Mechanical Works,Vizianagaram,Vizianagaram,ANDHRA PRADESH,South,YELLAJI,9985115069,"Phool bagh road, shop no.23 , Beside Bajaj showroom",535002,
417,Shaik Jani Bike Works,Vizianagaram,Vizianagaram,ANDHRA PRADESH,South,Sk. JANI,9701648988,Near ranjani theatre,535002,
418,RAJA SEKHAR BIKE SERVICING CENTRE,SRIKAKULAM,SRIKAKULAM,ANDHRA PRADESH,South,CHALLA RAJASEKHAR,8074754185,"Sanaveedhi, opp.Madhav motors,",532001,
419,PRAKASH BIKE WORKS,NARSIPATNAM,Visakhapatnam,ANDHRA PRADESH,South,PRAKASH,9640124141,"Near Reliance petrol pump, siva complex",534101,
420,MADHU BIKE POINT,MAHBUBABAD,WARANGAL,Telengana,South,ERRA.MADHU,9849391659,MAHBUBBAD,506101,
421,ASHOK BIKE POINT,NARSAMPET,WARANGAL,Telengana,South,KOYYADA .ASHOK,9440443208,NARSAMPET,506132,
422,SAMBAIAH BIKE POINT,BHIMARAM,WARANGAL,Telengana,South,BAKKI.SAMBAIAH,9908419297,BHIMARAM,506015,
423,RAJU BIKE POINT,NARSAMPET,WARANGAL,Telengana,South,KOLAGANI.RAJENDER,9989213813,NARSAMPET,506132,
424,KRISHNA BIKE POINT,MAHBUBABAD,WARANGAL,Telengana,South,PAGINDLA .KRISHNA,9705032037,MAHBUBBAD,506101,
425,RR BIKE POINT,NARSAMPET,WARANGAL,Telengana,South,RAMESH,9494282999,NARSAMPET,506132,
426,SATISH BIKE POINT,PASRA,WARANGAL,Telengana,South,EDUNURI.SATISH,9492116072,PASRA,506347,
427,ALI BIKE POINT,HANAMKONDA,WARANGAL,Telengana,South,MD.HASAN ALI,9963720769,ALANKAR,506001,
428,MADHU BIKE POINT,NARSAMPET,WARANGAL,Telengana,South,SOUDHARAPU.MADHU,9440107229,NARSAMPET,506132,
429,RAJU BIKE POINT,GIRNIBAI,WARANGAL,Telengana,South,BUDIME.RAJU,9949360438,GIRNIBAI,506331,
430,RR BIKE POINT,NARSAMPET,WARANGAL,Telengana,South,P.SANTOSH,9494130377,NARSAMPET,506132,
431,Ambiyil Two Wheeler,Kottarakara,Kollam,Kerala,South,Aju,9446852697,"Adoor Road, Pulamon P.O., Kottarakara, Kollam Dist.",691531,
432,Grace Two wheeler,Karuvanchal,Kannur,Kerala,South,Manoj,9496594555,"New Bus stand, Karuvanchal, Karuvanchal P.O., Kannur Dist.",670571,
433,Sheeba Two Wheelers,Mukkam,Calicut,Kerala,South,Santhosh Kumar,9946338058,"MPC Building, Agasthyamuzhi, Mukkam, Calicut Dist.",673602,
434,Prime Motors,Aluva,Ernakulam,Kerala,South,Biju,9447458389,"NH 544, Muttom P.O, Aluva, Ernakulam Dist.",683503,
435,MR.Two Wheeler,Kondotty,Malappuram,Kerala,South,Gowri Sankhar,7907984712,"Manjeri Road, Thurakkal, Kondotty, Malappuram Dist.",673632,
436,Brothers Auto Garage,Perinthalmanna,Malappuram,Kerala,South,Muhammed Irshad,9847735686,"Ooty Road, Manathumangalam , Perinthalmanna P.O., Malappuram Dist.",679322,
437,Anoop Auto Garage,Pattikkad,Thrissur,Kerala,South,Anoop,9388557681,"OLD NH Road, Near Panchayath Office, Pattikkad P.O., Thrissur Dist.",680652,
438,Friends Three Wheeler Garage,Karuvarakundu,Malappuram,Kerala,South,Ramesh,7034575399,"kalikavu Road , Karuvarakundu, Malappuram Dist.",676523,
439,K V K Auto Garage,Wadakkanchery,Thrissur,Kerala,South,Ummer,9846760512,"Near Pvt Bustand, Wadakkancherry P.O.,  Thrissur Dist.",680582,
440,Indian Auto Garage,Chungathara,Malappuram,Kerala,South,Binu,9447948278,"Edakara Road,Chungathara, Mampoyil, Malappuram Dist.",679334,
441,Shilpa Auto Garage,Pookottumpadam,Malappuram,Kerala,South,Santhosh Kumar,9446243688,"Nilmbur Road, Pookttupadam, Malappuram Dist.",679332,
442,4X4 Maruti Work Shop,Pookottumpadam,Malappuram,Kerala,South,Shibu,8156845694,"Nilmbur Road, Pookttupadam, Malappuram Dist.",679332,
443,Sree Akshay Motors,Pattikkad,Thrissur,Kerala,South,Prajeesh,9656731161,"Near Peechi Junction, Pattikkad P.O., Thrissur Dist.",680652,
444,Kaizan Auto,,BELGAUM,Karnataka,South,Mr. Sarfaraz,9686907748,Flat no 1 Double road Veerabhdreshwar Nagar near DSP office ,590001,
445,Muruthy Service Center,Pavgada,TUMKUR,Karnataka,South,Mr. Divakar Shetty,9731331211,"Opp K S R T C busstand, Near SBM, Pavgada",561202,
446,Laxmi Auto Works,,TUMKUR,Karnataka,South,,9731287321,"Opp K S R T C busstand, Near SBM, Pavgada",561202,
447,Sri Guru Auto Works,Jamkhandi,Bagalkot,Karnataka,South,Guru,9972714018,Vijayapura Road ,587301,
448,Saleem Auto Works,Vijaypur,Vijaypur,Karnataka,South,Saleem,9341610108,Opp Govt Polyitinic,586108,
449,Perfect Auto Works,Narayanpura,Vijaypur,Karnataka,South,Subhas,9449143086,near bustand  tq muddebhal tq,,
450,Kargil Auto Works,Muddebihal,Vijaypur,Karnataka,South,Ladsab Kambar,9449626405,Near Bus Stand Vijiyapura Raod,586212,
451,Bagali motors,Vijaypur,Vijaypur,Karnataka,South,Mudakappa,9448440456,Opp Choudhry Hospital ,586108,
452,Madeena 2 Wheeler Works,Chikballapura,Gauribidanur,Karnataka,South,Areef,8867998774,BANGALORE ROAD CHIKKABALLAPUR,562101,
453,Friends Auto Works,Chikballapura,Gauribidanur,Karnataka,South,Shridhar,9916611168,SHIDLAGHATTA ROAD OPP DC OFFICE  CHIKKABALLAPUR,562101,
454,Sandesh Service Centre,Vijaypur,Vijaypur,Karnataka,South,Ramesh,9886537043,BLDE Road,586108,
455,Rafeeq Auto Works,Vijaypur,Vijaypur,Karnataka,South,Rafeeq,9972784686,Anathapur Complex Indi Road,586108,
456,Babu Auto Works,Mandya,Mandya,Karnataka,South,Ilyas Pasha,9448643391,"100 feet road, Mandya",571401,
457,Activea Motors,Mandya,Mandya,Karnataka,South,Mahammed Yunis,9972282126,"100 feet road, Mandya",571401,
458,Sri Sai Enterprises,Mandya,Mandya,Karnataka,South,Avinash,9743192545,"Main Road, Bukanakere. K R Pet Tq",571401,
459,Swathi Motor Service,Huliyar,Tumkur,Karnataka,South,Shashi,9980542639,B H Road Huliyar,572218,
460,Sri Vinayaka Motors,Chiknayakanahalli,Tumkur,Karnataka,South,Chandrashekar,8971008711,"Shettikere circle, Chikkanayakana halli",572214,
461,Madeena Scooter Works,Huliyar,Tumkur,Karnataka,South,Mehaboob,9901252848,"kanaka circle, B H Road Huliyar",572218,
462,Fazil Motors,Novinkere,Tumkur,Karnataka,South,Fazil,9449109610,"Y T Road, Nonavinakere",572224,
463,Vodesalamma Bike Works,Novinkere,Tumkur,Karnataka,South,Vijay,7349023269,"Y T Road, Nonavinakere",572224,
464,Megha Motors,Turuvekere,Tumkur,Karnataka,South,Manjunatha,9480709509,"Y.T Road, Turuvekere",572227,
465,A S Motors,Turuvekere,Tumkur,Karnataka,South,Babu,9844347894,"Y T Road, Turuvekere",572227,
466,Rohit Motors,Turuvekere,Tumkur,Karnataka,South,Nagaraju,9742885717,Near K S R T C Busstand  Turuvekere,572227,
467,HMS Byke Point,Chikkaballapur,Kolar,Karnataka,South,Mr.Siddiq,9980852854,GOWRIBIDANUR ROAD OPP H P PETROL  BUNK,562101,
468,Sai Sree Motors,Malur,Kolar,Karnataka,South,Mr.Kumar,9964608123,Main Road MALUR,563130,
469,Maruthi Enterprises,Doddaballapur,Kolar,Karnataka,South,Mr.Nanda Kumar,9591515141,ELEPETE D CROSS ROAD  DODDABALLAPUR,561203,
470,Friends Garage,Doddaballapur,Kolar,Karnataka,South,Mr.Chand,9739793212,DODDABALLAPUR MAIN ROAD D CROSS,561203,
471,Babu Bike Works,Nandagudi,Kolar,Karnataka,South,Mr.Saleem,9901832732,NANDAGUDI,562122,
472,SSP Bike Point,Tekal,Kolar,Karnataka,South,Mr.Subramani,9902542056,HULADENAHALLI MAIN ROAD TEKAL,563137,
473,Ayyappa Motors,Vemgal,Kolar,Karnataka,South,Mr.Anand Kumar,9972261660,VEMGAL TOWN,563102,
474,Chowdeshwari Motors,Betamangala,Kolar,Karnataka,South,Mr.Manjunatha,9880358500,BETAMANGALA,563116,
475,Appu Auto Service,Yaragatti,Belgaum,Karnataka,South,Ningappa,9448789601,Bagalkot Road near bus stand Yaragatti tq Gokak dist Belgum,591129,
476,Ambika Auto Works,Vijayapur Road,Indi,Karnataka,South,Kiran Kelekar ( 2 Benches),9980971910,Near SBI Bank Indi Dist VIJAYAPURA,586209,
477,Someshwara Automobiles,Talikote Road,H.Hipparagi,Karnataka,South,Somangouda,9901437980,Near bus stand  ,586208,
478,Akbar Auto Works,Sindagi Road,D.Hipparagi,Karnataka,South,Akbar Korti,9448895536,More Hannamantharayana cricle  Sindagi Road,586115,
479,Subham Auto Garage,Vijayapur Road,Athani,Karnataka,South,Jagadish Bakari,9900765557,Opp HP Petrol Bunch Vijayapura Road,591304,
480,Sai Service Centre,BLDEA Road,Vijayapur,Karnataka,South,Mehaboob,9902812494,Near Cort BLDE Road,586103,
481,Balamaruti Service Centre,BLDEA Road,Vijayapur,Karnataka,South,Manjunath,9880357404,Nagur Collage BLDE Road Sanjay Hosing Coloney ,586103,
482,NDF Motors,Lokapur Road,Mudhol,Karnataka,South,Nooralli Nadaf,8088822201,Mallanagur Cricle Lokapur Road ,587313,
483,Laxmi Auto Works,Vijayapur Road,Sindagi,Karnataka,South,Veeresh Bagalkote,9844862225,Vijayapur Road  Sndagi Dist Vijayapur,586128,
484,Sandesh Service Centre,Vijayapur Road,Jamakhandi,Karnataka,South,Ramesh Choudhary,9663474800,Vijayapur Road  Jamakhandi Dist Vijayapur,587301,
485,Sri Sai Service Centre,Ashram Road,Vijayapur,Karnataka,South,Mallikarjun,8884328418,Ashram road opp yes bank  ,586101,
486,Babu Bikepoint&Service Station,MM Hills Road,Hannur,Karnataka,South,Shabeer,9740596999,"M M Hills Road, Near B P Petrol Bunk, Hanur",571439,
487,S Z Auto Works,Vapasandra,Chikkaballapur,Karnataka,South,Moinudeen,9008105570,B B ROAD VAPASANDRA,562101,
488,Uday Motors,Mulbagal,Kolar,Karnataka,South,Venkatesh,9902265494,VIJAYA BANK OPP CHAIN MAIN ROAD MULBAGAL,563131,
489,Sainath Automobiles,Vemgal,Kolar,Karnataka,South,Manjunath,8971738234,VEMGAL TOWN,563102,
490,K G N Auto Works,Yedanad,Tumkur,Karnataka,South,Nayaz,9740694466,"Hosadurga Road, Yelanad,",572218,
491,Mini Motors,Kallur,Tumkur,Karnataka,South,Saleem,9902714164,"kaluur cross, Turuvekere taluka",572220,
492,G M Bike Point,Turvekere,Tumkur,Karnataka,South,Manjunath,9740960380,"Mayasandra road, turuvekere",572227,
493,Suresh Auto Works,Turvekere,Tumkur,Karnataka,South,Suresh,9964361684,"Dabbegatta road, Turuvekere",572227,
494,Archana Motors,"Hoodi, Shantinagar",Bangalore,Karnataka,South,P Harisha,9448502108,"H A Bashireddy layout, near hoodi road, Kodegenahalli , Bangalore",560048,
495,Sri Mallikarjuna Service Centre,Huvina Hadagali,Bellary,Karnataka,South,Raghavendra,9916566749,Opp Anand Talkies ,583219,
496,H.M.H Service Centre,Koppal,Koppal,Karnataka,South,Maula Hussain,9902713545,"NH 63,Opp to Talkal Bus stand",583238,
497,Sri Srinivasa Service Centre,Kusthagi,Koppal,Karnataka,South,Rama,9663191079,"Near Renukacharya Kalyana Mantapa,next to Eicher Tractors",583277,
498,Elahi Service Centre,Kusthagi,Koppal,Karnataka,South,Maula Hussain,9845349507,"Kanakadasa Circle,Near Govt Hospital",583277,
499,Muttal Agencies,Siddapur,Koppal,Karnataka,South,Rafique,9901771457,Near Bus stand,584128,
500,Sri Sai Motors,Vemagal,Kolar,Karnataka,South,Umesh,9880180150,VEMGAL TOWN,563102,
501,Sri Chowdeshwari Motors,Malur,Kolar,Karnataka,South,Manjunath.M,9449676531,CMS COMPLEX KOLAR ROAD MALUR,563130,
502,Sri Chennari Service Centre,Gowribidanur,Chikballapur,Karnataka,South,Anil,7204840624,M G ROAD  NEAR K E B MANCHENAHALLI,561208,
503,Ganesh Motors,Tumkur,Tumkur,Karnataka,South,Nataraj,9448769845,"Banashankari Circle, Tumkur",572129,
504,K.S.S. Motors,Tumkur,Tumkur,Karnataka,South,Ghouse,9686334836,"Banashankari Circle, Tumkur",572129,
505,Ameen Auto Works,Mysore,Mysore,Karnataka,South,Mohammed Azeez,9945797868,Mysore road Gaddige,571189,
506,Annapoorna Auto Works,Periyapatna,Mysore,Karnataka,South,Lokesh,8050312008,"B M road, Periyapatna",571107,
507, Narmada Auto Works,Challakere,Chitradurga,Karnataka,South,Madan,8880806509,Bangalore Road Chellakere,577522,
508,"Sri Manjunathaswami Auto works,",Challakere,Chitradurga,Karnataka,South,B. Anjanappa,6361927385,Pavagad Road Chellakere,577522,
509,G S. Auto Garage,Challakere,Chitradurga,Karnataka,South,Umar Faruq,9740344757,Pavagad Road Chellakere,577522,
510,"Dadapeer Auto Works,",Challakere,Chitradurga,Karnataka,South,Dadapeer,8147617814,Bangalore Road Behind Bus stand Chellakere,577522,
511, Prasad Auto Centre,Molakalmuru ,Chitradurga,Karnataka,South,Prasad,9482859512,Bijikere road,577535,
512,Manju Service centre,Molakalmuru ,Chitradurga,Karnataka,South,Manjunath N,9886210214,Bijikere Road,577535,
513,Indian Garage Bike Workshop,Saligrama,Mysore,Karnataka,South,Athik Pasha,9986518876,"Holenarasipura road, Saligrama",571604,
514,Bike Care,Saligrama,Mysore,Karnataka,South,Neman,7090107865,"Holenarasipura road, Saligrama",571604,
515,Awdhoot Auto Garage,Gajendragad,Gadag ,Karnataka,South,Ashok,9986788597,Opp Bus stand Road Gajendragad Dist Gadag,582114,
516,Pragathi Motors,Shidlaghatta,Chikballapur,Karnataka,South,Narasimha Murthy,9880322989,DIBBURALLI BYPASS ROAD SHIDLAGHATTA,562105,
517,Vigneshwara Bullet Station,Jayanagar,Bangalore,Karnataka,South,P Narayana Rao,9980754186,"No.64, 8th main, 9th cross, market square, opp BBMP 2nd block, Jayanagar, Bangalore",560011,
518,Hind Motors,Rajankunte,Bangalore,Karnataka,South,Muheen Pash,9620540304,"Shop no.185, survey no.19, Honnenahalli, Singanayakanahalli, Yelahanka, Bangalore",560064,
519,HINDUSTHAN AUTO DIESEL WORKS,TORANAGAL,BALLARI,Karnataka,South,JALALUDDIN,9900674244,Ballari Main Road Toronagalu Village,583123,
520,SRIDEVI TRACTOR GARAGE,KARATAGI,KOPPAL,Karnataka,South,AYAPPA,9611564470,Near Police station Kartagi,583229,
521,SRI SAI TRACTOR GARAGE,BALLARI,BALLARI,Karnataka,South,NAGARAJ,9740677227,Anathpura road Opp Tata Motors Showroom,583102,
522,SHYAMALA TRACTOR GARAGE,BALLARI,KOPPAL,Karnataka,South,VEERA REDDY,8050429486,Ananathpur road Behind Basava rajeshwari school,583102,
523,DADA TRACTOR GARAGE,KARATAGI,KOPPAL,Karnataka,South,AHMED,9449689192,Gangavathisindhanur main road,583229,
524,NAZEER TRACTOR GARAGE,KARATAGI,BALLARI,Karnataka,South,NAZEER,9945942746,J.P.Nagar Kartagi,583229,
525,KHAJA TRACTOR GARAGE,BALLARI,BALLARI,Karnataka,South,KHAJA MOHINUDDIN,9448840947,Vishalnagar near M.G.Petrol bunk,583101,
526,VENUGOPALA TRACTOR GARAGE,MOLAKALMURU,CHITRADURGA,Karnataka,South,VENUGOPAL,7483064430,Near Agiculture office,577535,
527,ABHI DIESEL WORKS ,HITTNAL CROSS,KOPPAL,Karnataka,South,SRINIVAS,9008977189,Near Tollgate ,583234,
528,SRI SAI DIESEL AUTO WORKS,LINGAPUR,KOPPAL,Karnataka,South,R ANAND,9663419360,NH 50 Hosalingapura Near Busstand ,583233,
529,"BROTHERS BIKE CARE,",HIRIYUR,DAVANGERE,Karnataka,South,JOTH SINGH,9742034053,Basaveshwar Building Opp Residency Lodge HIRIYUR,572143,
530,TVS Autoworks,SHIMOGA,SHIMOGA,Karnataka,South,Manjunath,9449150007,"B.H. ROAD, NEAR SHANKAR MUTT, SHIMOGA",577201,
531,Sri Rama Mobike,BAVIKERE,CHIKMANGALUR,Karnataka,South,Ravi,9972382149,"OPP. BUS STAND, BAVIKERE, TARIKERE TALUK",577144,
532,Shankar Autoworks,BHADRAVATHI,SHIMOGA,Karnataka,South,Selvam,9980339801,"OSM ROAD, BHADRAVATHI.",577301,
533,Kumar Autoworks,BHADRAVATHI,SHIMOGA,Karnataka,South,Kumar,9008876603,"OPP. JAYASHREE TALKIES, JANAPURA, BHADRAVATHI",577301,
534,Limra Autoworks,BHADRAVATHI,SHIMOGA,Karnataka,South,Munna,8147983931,"NEAR KSRTC DEPOT., NEW BRIDGE ROAD, BHADRAVATHI.",577301,
535,Crazy Bikes,KADUR,CHIKMANGALUR,Karnataka,South,Somu,9845705575,"NEAR CHECK POST CIRCLE, BH ROAD, KADUR.",577548,
536,Maruthi Bike Point,KADUR,CHIKMANGALUR,Karnataka,South,Krishna Murthy,9901888703,"SARASWATIPURA POST, CHIKMANGALUR ROAD, KADUR TALUK.",577548,
537,Shain Motors,KADUR,CHIKMANGALUR,Karnataka,South,Jabeer,9880253717,"TB ROAD, KADUR.",577548,
538,KGN Autoworks,LINGADAHALLI,CHIKMANGALUR,Karnataka,South,Apsar,9880632216,"OUT GATE CIRCLE, CHIKMANGALUR ROAD, LINGADAHALLI. TARIKERE TALUK.",577129,
